name,object_id
pen,002bff09b09998d0be65
brush,00309fb1ef05416f9c1f
counterproof,004890880e8e7431147b
brush,007f5e3620b458d77212
brush,00bf812ffe8a62d45661
pen,00bf812ffe8a62d45661
brush,0108b38da16211245fcd
pen,0110115b8b6036d9ab3c
brush,0110115b8b6036d9ab3c
brush,01273c00c46a84c50468
pen,01273c00c46a84c50468
brush,014aeddb13099b8755ad
brush,014ea91de4356495caf4
brush,01622192fd7018e5f603
pen,0169c493b09c8758a1b3
brush,0169c493b09c8758a1b3
pen,01747cd378d136cda3f5
brush,01747cd378d136cda3f5
pen,0196a7a69614537b4a4d
brush,0196a7a69614537b4a4d
pen,01d01b60ada5cc2a4bc0
brush,01d01b60ada5cc2a4bc0
brush,021a75234b41477e605e
pen,021a75234b41477e605e
brush,02240a6096357c27079b
brush,0232a177f5d0870c9bb6
brush,0232a177f5d0870c9bb6
pen,02347217e42a82dd5d64
brush,02347217e42a82dd5d64
brush,02383711d499beba7f8d
pen,024e37a5663372462af2
brush,025960c154684aac4d2c
pen,026c9e8c431aa8b4703e
brush,029b379f6fd40f8c43f7
pen,02aac7873558755d9c27
pen,02d9cfd12db0ea6d0a98
brush,02d9cfd12db0ea6d0a98
pen,031455e56addd1f8e234
brush,0322260034b846770e76
brush,034317991e96512dfce5
brush,0347f6b96f5828f1654f
brush,035637e38849286ef474
pen,035637e38849286ef474
brush,039563f80341717b2c1f
pen,039563f80341717b2c1f
brush,03a7b62ba0db1e38d337
pen,03a7b62ba0db1e38d337
pen,03b913061ed3336a0ed5
pen,03c39dbb0b4361145927
brush,03c39dbb0b4361145927
pen,03c9d0e5d3e5ba08594e
brush,04008940e45fffa7e4db
pen,0454428950a934e2361c
brush,0454428950a934e2361c
brush,0456f5e0f4ff717cb80a
brush,04855ac541a9bd59cf72
pen,04855ac541a9bd59cf72
brush,04899bd98c6d9ad87642
brush,04ce011d0c63c1e27288
pen,04ce011d0c63c1e27288
brush,04fd68e58d2647cc0f6b
pen,05076b2f0127c4a844bd
brush,05080f40e93997064fd0
pen,05080f40e93997064fd0
brush,055f1f4a840c470256de
pen,055f1f4a840c470256de
brush,057899322b86c790ce5b
pen,057899322b86c790ce5b
brush,058ccc59064670771972
pen,058ccc59064670771972
pen,0596eb97f0814732efa1
brush,0596eb97f0814732efa1
pen,05b49dec32f0d5c7ab06
brush,05b49dec32f0d5c7ab06
brush,05b926a4c7d16910a611
brush,05b926a4c7d16910a611
pen,05e66d46c53a9a3b0055
brush,05e66d46c53a9a3b0055
brush,05e9b094a3484e884b31
pen,05e9b094a3484e884b31
brush,05fabd0584b9ce42858f
pen,06102d94f3f09400f0b6
brush,062a14b4cd20a10be5a8
pen,062a14b4cd20a10be5a8
brush,063e26b1023d4a4570a1
pen,063e26b1023d4a4570a1
brush,067c7407df496e4b9a13
pen,06873ef49ae788312563
pen,069989a344d57aede59b
brush,069989a344d57aede59b
brush,06c32078ade4c47de1c2
brush,06eb76101fc93a2ee29b
brush,07235997608e40a9df67
pen,07235997608e40a9df67
brush,072eeb5c491be4a9b614
pen,072eeb5c491be4a9b614
pen,07473523bf0ab411bb25
brush,07473523bf0ab411bb25
brush,0755f4640eac3259081a
brush,077c4cc8268dcc6a3aa7
brush,07ad858458a92abddd08
pen,07b601c92c5b2cbc9aa2
brush,07cee5d6dca56d9246f2
brush,07e2c50d576474dc4f3c
pen,07e2c50d576474dc4f3c
brush,07fbb945641bd05dca14
brush,07fc076481bf2b13e218
pen,081f1cd55235fced3e41
brush,081f1cd55235fced3e41
brush,084a04af00e12f121d7d
brush,08aa52eed58222f5ab34
pen,08aa52eed58222f5ab34
brush,08bf7a74832b43a90cc9
brush,08c8dc5b896993e6d567
pen,08d0bacd04f9a7eea4cb
brush,08d0bacd04f9a7eea4cb
brush,093cda482bd5994e66a9
pen,093cda482bd5994e66a9
pen,0940ac13c235418ea1d9
pen,095847f22d31ddd7e932
brush,09623b572b50cc49ed57
pen,09623b572b50cc49ed57
brush,096796cf39b59debea75
brush,096e241ddfa3fd10fac3
pen,096e241ddfa3fd10fac3
pen,09899619ad305f10656a
pen,09d4cdfe9a05a28a31fa
brush,09d4cdfe9a05a28a31fa
brush,09f7c12ee6b73a953c8b
pen,09f7c12ee6b73a953c8b
pen,0a1ca08a20a8ad58b0e6
brush,0a1ca08a20a8ad58b0e6
pen,0a68d7634eea49ffdbcd
pen,0a895e50607ba0256a2d
brush,0a895e50607ba0256a2d
pen,0aa0d4f9d688e3c41dcb
pen,0aa880055deb10f4a75c
brush,0aa880055deb10f4a75c
brush,0acf75d02ecd318dfb91
pen,0acf75d02ecd318dfb91
pen,0ad489f5869ccfbf76dd
brush,0ad489f5869ccfbf76dd
brush,0af60b45f35cf91e0c5d
brush,0b01a0ecbd99cbb21455
pen,0b01a0ecbd99cbb21455
brush,0b0351f909cd3364810b
brush,0b805fb4384c4d5516fa
pen,0b8540643976ce519052
brush,0b8540643976ce519052
pen,0bb2b15b9faa9a9520f0
brush,0bd9fdfab528c6a419cc
brush,0c014a46da77badcc90d
pen,0c014a46da77badcc90d
brush,0c0d839392f4ae872d7f
pen,0c14ded62a047c4d5851
pen,0c16888cc6ea4e45a99f
brush,0c16888cc6ea4e45a99f
brush,0c39809a4277d0123f9a
brush,0c3dd3308004ea709db3
pen,0c414399d1db80098351
brush,0c414399d1db80098351
pen,0c5810d8b94c859859ff
pen,0c772b9f60f3f48c5112
brush,0c772b9f60f3f48c5112
pen,0c792460fd93a2ccd1b5
brush,0c85d22ce57c1fda139c
pen,0c8a7714b1197af3e71d
brush,0c8a7714b1197af3e71d
brush,0c9132222e5b3133add2
brush,0ca0855871d647ed2024
pen,0cab341adaecad5de71f
brush,0cab341adaecad5de71f
brush,0cd8af895677b51c5897
brush,0cdb881a135affc57329
brush,0cef4696e4783b657469
brush,0d108ef530dc0fbe1071
brush,0d1dd73fff22c4fcb6a1
brush,0d58da119d452b57fb00
pen,0d650cdbb1543c804832
brush,0d650cdbb1543c804832
brush,0d6f96cff1b53a242f19
pen,0d72f971334022e4707a
brush,0d72f971334022e4707a
brush,0d7915bd52224c1f8930
brush,0d83db2344b5e07221b1
pen,0d87a41fc56ef51842e2
brush,0e0386a437390f3dd013
brush,0e347f3a7b1ddec3fdd0
brush,0e48e5f47061e6596cb4
brush,0e4b2ee6b6fc16c78249
brush,0e4b2ee6b6fc16c78249
brush,0e4b2ee6b6fc16c78249
brush,0eaf64033c54efd16615
pen,0eaf64033c54efd16615
pen,0eb8d916508141227201
brush,0eb8d916508141227201
brush,0eceb80fe197f93545b7
pen,0eceb80fe197f93545b7
pen,0ecf8afd206796293402
brush,0ecf8afd206796293402
brush,0ecf8d84a71713bc027e
brush,0edd8192cdc1b1dd38c6
pen,0edd8192cdc1b1dd38c6
brush,0f18230458a8161a6e02
brush,0f30aa5bade7b39ba267
pen,0f30aa5bade7b39ba267
brush,0f378e400df6281e7b86
pen,0f378e400df6281e7b86
brush,0f41137a15b5837c19b6
pen,0f5e64ec4f774b3b69b1
brush,0f5e64ec4f774b3b69b1
pen,0f5f4762ac16b47e096e
brush,0f5f4762ac16b47e096e
pen,0f6b419d6cfa97885a58
brush,0f6b419d6cfa97885a58
pen,0f6b419d6cfa97885a58
pen,0f6d0139c4a9248992c0
pen,0f817d5310981f0c891f
brush,0f817d5310981f0c891f
pen,0fa0298406f1081ed2ec
brush,0fa0298406f1081ed2ec
pen,0faf19afc41e94d6bf02
brush,0fb1c2909e414fc98a97
brush,0fd44b70dc822507ff9c
pen,0fd44b70dc822507ff9c
brush,0fe9849adf21a1c988c8
pen,0fe9849adf21a1c988c8
brush,100d755082dcec730bd5
pen,100d755082dcec730bd5
pen,100ecb3128fadc95533e
brush,1014203f3c16dcfe93c5
brush,102284ca2ccf2e502d26
brush,104d7fad9f02477be541
brush,10645e6dc283705f3b5a
pen,10645e6dc283705f3b5a
brush,10663e35d3e708bebe77
pen,10663e35d3e708bebe77
pen,106b7e5fef00645032bb
brush,106b7e5fef00645032bb
pencil,107529409392f5452a3f
brush,1079d3b458999643b82d
brush,1080f779f0dda9e074c2
brush,10a872299af87aaf2856
brush,112c3167fe32feb48e83
brush,11332bec64c6acfc1494
pen,1143416609d06e2265d6
brush,1143416609d06e2265d6
brush,11542ca2ab66a7d128ff
brush,115e07805bcee7aa2c66
brush,11841be75224482347ff
pen,1192bc068fb2e8dd3356
pen,11a163422f50079f3141
brush,11a163422f50079f3141
brush,11a184663f5bc97a7fcb
brush,11c18a42777e72315e1f
brush,11c4811e610cfb7f0ddd
pen,11c4811e610cfb7f0ddd
brush,11d31b837b9a2bba564c
brush,11f1f367b88bc258ff4a
pen,11f1f367b88bc258ff4a
brush,1229d596294583cfab0a
pen,1229d596294583cfab0a
pen,127dfe21e578ec5057bd
brush,127dfe21e578ec5057bd
pen,12b05848e87d61ba2336
pen,12e6d61ea7517590cb05
brush,12e6d61ea7517590cb05
brush,12fc3693092c9622298f
brush,1307b92f0ed203bd0816
pen,131625fc24aed60d773e
brush,131625fc24aed60d773e
pen,133cca44edc3f9ec34c7
pen,134b3fbe176c8d4d383f
brush,134b3fbe176c8d4d383f
brush,134b8d22da8518941e0f
pen,1374e294cd9063f6275f
brush,1374e294cd9063f6275f
brush,1397004ef766f68df2c3
pen,1397004ef766f68df2c3
pen,13af858e991b22bcd21f
brush,13af858e991b22bcd21f
brush,13ce2e6c13eea421e2df
pen,13ce2e6c13eea421e2df
brush,13d135abeddd236f2d18
pen,13e049e1f47501d9ec24
brush,13edfe679867c03a19a1
pen,13edfe679867c03a19a1
pen,13ffef6d9264daefa872
brush,13ffef6d9264daefa872
brush,141d8b1703634346d3e6
brush,142405cfb3f925e63c66
pen,142405cfb3f925e63c66
brush,142750cc8f6bcf405053
brush,1470fb34eae4978d691b
pen,1470fb34eae4978d691b
pen,14d26e736d656f045acd
pen,14d989f6ec1bbe0db75c
brush,14d989f6ec1bbe0db75c
brush,14dd0820fdf66d70583d
pen,14dd0820fdf66d70583d
brush,14f3c892c0038d4b5050
pen,14ff7d8f7510d989b128
pen,15218eb92bae69786059
brush,153440aebb71bad7fd74
pen,154ebe30c33928203b2f
brush,154ebe30c33928203b2f
brush,1554890e9921a0ca28af
pen,1554890e9921a0ca28af
pen,156ca93889c32d5ae6c7
brush,156ca93889c32d5ae6c7
brush,158fa2f6df183447c702
brush,159c7be7d2a90c6f5edf
pen,159c7be7d2a90c6f5edf
pen,15a84af298521a251e76
brush,15d123b17392e7e851c9
pen,15e8994e91040a4c34ce
brush,161b45d45f607473c6a9
pen,161b45d45f607473c6a9
brush,161ff2fe1971ccbc0b95
brush,1627a92c9f2f6e32d57b
pen,1627a92c9f2f6e32d57b
pen,162ef1927487909a7925
brush,162ef1927487909a7925
pen,16307d8df1b7d857bb03
brush,16307d8df1b7d857bb03
brush,1637184852eaa6fabde0
pen,1637184852eaa6fabde0
brush,164806bd07ec7a2ec3cc
pen,1653737c1fa3b7d1d670
brush,1653737c1fa3b7d1d670
brush,166932e866c94f0a50ba
pen,166c6f43256c7fca1cf2
brush,16801b7a08de31632176
brush,1690746ecd15d72822ce
pen,16c47edbc7184769375c
brush,16c551f622dce8618d70
pen,16d9e5ea334da089c492
pen,16dc5a3557a2e670b402
brush,16dc5a3557a2e670b402
pen,16e459515f7783528db8
brush,171dfdc34464e1541d25
snipping,174b77b190ae57240acf
brush,174b77b190ae57240acf
brush,1755c895121f10f2e118
brush,177630cef387fc0173d9
brush,17925de2ec9bb362d72b
brush,1795e8faf68090c3f0b8
brush,1796c60e9fae7c89d1d1
pen,1796c60e9fae7c89d1d1
brush,179729288728bee57a0c
brush,17c667eea8e5e91f76d0
brush,17f3f1ba5b6389489842
brush,183021953765dd6b0c29
brush,1840897cd504af4b561c
pen,1840897cd504af4b561c
pen,184abf95270b685562c9
brush,184abf95270b685562c9
brush,18688a34f580177cfde3
pen,1879fef056a2ef1318ff
brush,1879fef056a2ef1318ff
pen,1882b38a83d2ef3ac49b
brush,1882b38a83d2ef3ac49b
brush,188eb4a8d0712c317e7e
pen,188eb4a8d0712c317e7e
brush,1895648accc0ab2f42a4
brush,18a13b64f2e2b4f78c34
pen,18e4ae0b0234040b7b3a
brush,19683640df36f1f8b43a
pen,19683640df36f1f8b43a
brush,196c8a23dea28cf01365
brush,19956c0e3e20d55e3afe
brush,19956c0e3e20d55e3afe
brush,19cb9537031f17d1a90c
pen,19cb9537031f17d1a90c
brush,19ede6b6b03f891409fe
pen,1a21eefc87112ba03ab9
brush,1a21eefc87112ba03ab9
brush,1a22c078bbce4903d327
brush,1a240c9e916f6492a23a
brush,1a50684346d92c1e15af
pen,1a50684346d92c1e15af
brush,1a545a8102f1a785b53a
pen,1a694fee5790471cfec2
brush,1a694fee5790471cfec2
pen,1a922f8b804474971bb1
brush,1a922f8b804474971bb1
brush,1ab44c64586abbb32170
counterproof,1b3135ebfff57ebc1a7e
pen,1b41919edb64e22519e6
brush,1b41919edb64e22519e6
brush,1b43a1453ed98e45910c
pen,1b83a0735d24694d48a2
pen,1b96f6f790a29ade33bc
brush,1bcb68606f55999cb78c
brush,1be5b97bb386c0241d18
pen,1c039b9b2dd531800f75
brush,1c039b9b2dd531800f75
pen,1c15a1c2bba50abe5219
brush,1c15a1c2bba50abe5219
brush,1c1a02677c38ec30cc1f
brush,1c24571872b57d1691da
pen,1c4784345b71838038d4
brush,1c4784345b71838038d4
brush,1c740d0dbf66204f3e0f
pen,1c740d0dbf66204f3e0f
brush,1c863a363fa4bca238f4
pen,1c863a363fa4bca238f4
brush,1c96de85e1100d14ff1b
pen,1c96de85e1100d14ff1b
pen,1cab552cf7f014c3cbed
pen,1cc7f4d0bff3f740bd22
brush,1cec1349da6e2a9ec0c8
brush,1d00b8928ea956233a7f
pen,1d00b8928ea956233a7f
brush,1d410f0e348345e9317c
brush,1d58d81c2089abf571ba
brush,1d928b48950699189869
brush,1dbcf98eeaca9ef3a878
brush,1dce50adbd1c832279b3
pen,1dce50adbd1c832279b3
pen,1df9f2a0211791069f9e
brush,1e072aa553fb1f938e6f
pen,1e072aa553fb1f938e6f
pen,1e294a7fa191d0adfbeb
pen,1e43738b511f1297ca64
brush,1e43738b511f1297ca64
pen,1e5e6fda412e961e1be6
brush,1e5e6fda412e961e1be6
pen,1e6880066c972e289030
brush,1e6880066c972e289030
brush,1e745f036c2a1ec508b9
pen,1e745f036c2a1ec508b9
pen,1ef44a6b10419dcbd98b
brush,1ef44a6b10419dcbd98b
pen,1f46c9901fc02ce9a1e0
brush,1f46c9901fc02ce9a1e0
brush,1f71ee5986ad0cc6f0fb
brush,1f7f028cd82dc96a9ed0
pen,1f7f028cd82dc96a9ed0
brush,1fc1f89f658838104cc0
pen,1fc1f89f658838104cc0
pen,1fcd3dca77f1da2d4726
brush,1fcd3dca77f1da2d4726
pen,1fea6e0f52703f450fba
brush,1fea6e0f52703f450fba
pen,2017bc5a3766be4e671c
brush,2017bc5a3766be4e671c
pen,2025762d32f656ffab61
pen,203f370dd6d25e50009b
brush,203f370dd6d25e50009b
brush,2055e7f320be323bb530
pen,2055e7f320be323bb530
pen,2065935c02574cff0b2b
brush,2065935c02574cff0b2b
brush,206ea5f9486a995bc704
pen,206ea5f9486a995bc704
brush,2071cfc9d7e6b77ac7d3
brush,20773f01e105d2248d89
brush,207e4903d2a4d89f02c5
pen,207e4903d2a4d89f02c5
brush,20b1727bbc65a3284913
pen,20b1727bbc65a3284913
brush,20bbbe4006d914bee09f
pen,20bbbe4006d914bee09f
pen,20c16768d242c88e2595
brush,20f603dd0a0ff18f515b
pen,20f603dd0a0ff18f515b
brush,2107b53f8c91cc09c8e0
brush,211a27c40b17cd3e8e4a
brush,2127563fa3e2e4611fb7
brush,212f887957149151b1ef
pen,2178dfe184e2b2df01e5
brush,2178dfe184e2b2df01e5
brush,219968cc35bc785e91f9
brush,21a8cf91c5ebe112cc8e
pen,21be6915d01a01ec983b
brush,21d638f685ab6bd7cf35
pen,21f2bb3070db1de551e6
brush,221253c9812e31cfa092
pen,2225bc38e04f30a9da1f
brush,2225bc38e04f30a9da1f
pen,222d7e223c214b64fde6
brush,222d7e223c214b64fde6
pen,224c5d3fbadc0ddb13d6
brush,224c5d3fbadc0ddb13d6
brush,224dfc53909d4ddda966
pen,225764226558c5db6298
brush,225764226558c5db6298
brush,2257a977f6d71abd8812
pen,2266c9562b345db7d790
brush,22700a4979b862d10f5c
pen,22700a4979b862d10f5c
brush,2279534f6064a039a343
pen,2279534f6064a039a343
brush,22817db21ebb495316cd
brush,22938fd9eaaa68b32af5
pen,22938fd9eaaa68b32af5
pen,229402aa8f68acaf4e61
brush,229402aa8f68acaf4e61
brush,22bb1afb2bd579241bd3
brush,22d0b4fe30bed66a7b78
pen,22d0b4fe30bed66a7b78
brush,22e0c9dc61d6846d5842
pen,22e0c9dc61d6846d5842
brush,233d771480a1589efcf6
pen,233ec04c32f32e2ff6e2
brush,23844f0c402149a16148
brush,23a6c8405b9c789e1365
pen,23e1dc2a3f2876703b03
brush,23e1dc2a3f2876703b03
pen,23e39f52d56ef58bcdd0
pen,23f50f527d7fb6ca2eb3
brush,23f50f527d7fb6ca2eb3
brush,23feab7e8c79814f8448
pen,23feab7e8c79814f8448
pen,242522eefe57d3679a0e
brush,242522eefe57d3679a0e
pen,242c9bc69c5f7176f9f6
brush,24611c112b23b602b0f3
pen,24611c112b23b602b0f3
brush,246a0c7ca9d6be356208
pen,246a0c7ca9d6be356208
brush,246c09924d1708cca45d
brush,2482dbd631723591c22d
pen,2482dbd631723591c22d
brush,248d6c35da7ec5456e27
brush,2497eda00ab0f2d722ea
pen,2497eda00ab0f2d722ea
brush,24b846590f73b5916e62
brush,24b846590f73b5916e62
brush,24b8be9be00725d55bae
pen,25109a4f3ab8de6d74ff
brush,2535affecf0bfa64358e
pen,25382bd4f350858996b2
brush,25382bd4f350858996b2
brush,253fa413da256f72aeef
pen,25614b988692779940ac
brush,25614b988692779940ac
brush,2561c7dea7f76e146ed9
pen,2561c7dea7f76e146ed9
brush,257188a39a58aa5b1517
pen,257188a39a58aa5b1517
brush,25745a4a54687c81c8e2
pen,25745a4a54687c81c8e2
pen,2575e19f34ffc939c848
brush,2575e19f34ffc939c848
brush,259c111832ac0b605f0a
pen,259c111832ac0b605f0a
pen,25aa469f9d41bc192efe
pen,25b992d6a409f1567362
brush,25b992d6a409f1567362
brush,25bacd3db3c79bf92821
brush,25d4f6b6aee7cc38203f
counterproof,25d4f6b6aee7cc38203f
brush,25e1d0d502f07db6c765
pen,25e1d0d502f07db6c765
brush,25fed82a47b844948af3
brush,2615cc0730ef722f5bf8
pen,2615cc0730ef722f5bf8
pen,262f96987fda3cc9980b
pen,2647bd7db614eb9f280f
pen,2648fe75713349d76172
brush,2648fe75713349d76172
pen,265f6e1cb95e0850569b
brush,265f6e1cb95e0850569b
brush,265f7a9935160080fdd7
pen,266e74cab331575b53d9
brush,26909a1ce90d10793617
pen,26909a1ce90d10793617
pen,26b7c849f9cf04130b39
brush,26b7c849f9cf04130b39
brush,26cd0cd2e6a4f59a87c8
brush,26ec899b3c190197097f
pen,26ec899b3c190197097f
brush,26f16020f08fa16034af
pen,26f16020f08fa16034af
brush,26f89e94afad13545eb7
pen,26f89e94afad13545eb7
brush,272528b7643fd7c53fbf
brush,278ef646d726ddd36ed5
pen,278ef646d726ddd36ed5
pen,27b48754426f57292dea
brush,27d7f48e2777601763ae
pen,27d7f48e2777601763ae
brush,27e1b29b39aa18e27531
brush,27e3a33b96f3f4ba9586
brush,27ef7a6121751148d4af
pen,28465def3527b0f9de8c
brush,28465def3527b0f9de8c
brush,287e694a250cff2012ff
brush,289e59d4a29400949e6f
pen,28c3fbb22d44e33fd907
brush,28c3fbb22d44e33fd907
brush,28ebca39cd71ee9d733d
brush,28fc2048b8a9ccbae09e
brush,29024ed4fb3c050de03e
pen,29024ed4fb3c050de03e
pen,291e293293916ffde5be
brush,291e293293916ffde5be
pen,295e185b2cd19e753e99
brush,296d50694271ac92f48d
pen,296d50694271ac92f48d
brush,29ae11c550100a7be8dd
brush,29bd49a82b69da471682
pen,29c770dfed06a1037f39
brush,29c770dfed06a1037f39
brush,29d3ed0f9fa5606cb75c
pen,29d52b658107e7b72424
chalk,29ee124b3c8f8aca2896
pen,29fcbbf3238ea313fb3d
brush,2a1ab9463e5216abd274
pen,2a1f0b45a245ba1812df
brush,2a1f0b45a245ba1812df
brush,2a2beb771c272879a7e4
brush,2a7bb8ffd7bb40dd2dac
pen,2a7def6934643fcb30b8
pen,2a8690b68e7ede883aa8
brush,2a8690b68e7ede883aa8
pen,2ab86063d3037d1e8327
pen,2ad99f1b2b047eb4c10b
brush,2ad99f1b2b047eb4c10b
brush,2b0d94e6c403de05f909
pen,2b15e55a5e637dba4b68
brush,2b15e55a5e637dba4b68
brush,2b28e700841137c1afba
brush,2b4cc6e5a783502da5d0
pen,2b4cc6e5a783502da5d0
pen,2b66febefcae7507fc1c
brush,2b66febefcae7507fc1c
pen,2b9bc1f12ed6ddb79b81
pen,2ba234d9a9556ac9ab87
brush,2ba234d9a9556ac9ab87
brush,2bd6a6736bf10a84f7e4
pen,2be1c232d6bc8016fbcd
brush,2be1c232d6bc8016fbcd
brush,2c011c1e629c966eaa6a
pen,2c011c1e629c966eaa6a
brush,2c049a6d2eae6931bd41
brush,2c184bc911bba5ce55c0
brush,2c49724f4f489f257f07
pen,2c49724f4f489f257f07
pen,2c4bad5d765b27618d5e
brush,2c5ffa6117a9da87d7a5
pen,2c9f12e410bf86c07fb8
brush,2c9f12e410bf86c07fb8
pen,2cd8d6668f0e5b67cf3a
brush,2cd8d6668f0e5b67cf3a
pen,2cf6cbd56724dc5d9dd0
pen,2d26a1fbb3e57bdfbe03
pen,2d58778ecc3a920c25f2
brush,2d58778ecc3a920c25f2
pen,2d58f64a55f29deae222
brush,2d58f64a55f29deae222
brush,2d69b3dacdd100a1b386
pen,2d69b3dacdd100a1b386
brush,2d8bf61904e611273ce0
brush,2dafbc5821dfb36beaaa
pen,2dafbc5821dfb36beaaa
brush,2dce5e16578268cc6b80
pen,2ddfa88d23b0b4010857
brush,2ddfa88d23b0b4010857
brush,2ddfb0582561558e16a3
brush,2e1f170c4751c6f4ce83
pen,2e1f170c4751c6f4ce83
pen,2e43a8746de7e73bcdf9
brush,2e43a8746de7e73bcdf9
brush,2ee2c1a81e4d05aa4547
brush,2ef0fff9811961aaa713
pen,2ef0fff9811961aaa713
pen,2f1504788eca1c9c8785
brush,2f1504788eca1c9c8785
pen,2f22b84204576af52ba7
brush,2f22b84204576af52ba7
brush,2f4f4c3f9ce43e56e8f5
brush,2f76241618f182ac2a63
brush,2fd2ec84e02db988284a
brush,2fdfb9ed3a5779159ca0
brush,300129e9fd5e50deb389
pen,300129e9fd5e50deb389
pen,3028d0e1094e054d5476
pen,303ef55291b9b5a6ebc6
brush,306bd2e3a62a7fdde4e3
pen,306bd2e3a62a7fdde4e3
brush,3084742b12dbef5eb8c5
pen,3084742b12dbef5eb8c5
pen,308ceb2e9c85de5f7c0d
brush,30b74ca476f5a3be13d1
brush,30c7420e7b50cbe7ead9
brush,3102bfe70949a4e45606
pen,3102bfe70949a4e45606
pen,3111990218030804313f
brush,3111990218030804313f
brush,3133cd697298bf58052d
pen,31383a52f518253f983d
brush,31383a52f518253f983d
brush,315d5f749af30e9fbc3d
pen,316893ea7587a97dea33
brush,316893ea7587a97dea33
brush,31697f08dd44726043db
pen,318dbba57bd85442eb1e
pen,319d0dc5f57c8360644b
pen,31cb2570f3daabb81fbd
brush,31f4537bde1d4ceda9eb
pen,31f4537bde1d4ceda9eb
pen,325a1c98ebf14750969a
brush,327b24a0201bd46454f2
pen,3293032f4b99db41881d
brush,32d0a46366cf598d4b32
brush,32e6a6ac58b00464ca2b
brush,3305f68e553ac39c2705
brush,3315b251486c4b1187dd
pen,332bc2a3da390feaa7c5
brush,33379231a7875ffbecee
pen,33379231a7875ffbecee
brush,33477dcf1ef1164d3ee9
brush,335f40830e600e28f3d4
brush,336a8f2924412f3c9b4a
pen,33a69481db50d432fc73
brush,33a69481db50d432fc73
brush,33b3d411848d6b6e2ccb
pen,33b3d411848d6b6e2ccb
pen,33d6fb4c61920e813f30
brush,33dcef2aa547a5dc4131
pen,33dcef2aa547a5dc4131
brush,33fb9880e6fc5f3758f7
pen,3402017c74c989923db6
brush,3402017c74c989923db6
brush,34149d0c7c2b46ae1355
pen,34149d0c7c2b46ae1355
pen,34527139966b3e49b1b0
brush,34636cf641b5bcf00336
pen,34636cf641b5bcf00336
brush,347498aaa5f60ee310b4
pen,34a30830086d53283f79
brush,34a30830086d53283f79
pen,34a3f59d53b4f3c9a237
pen,34a68511d80e44d29588
brush,34a68511d80e44d29588
brush,34b76f8b1bc1528c957a
pen,34b76f8b1bc1528c957a
brush,34e55e0c64e7fa768a22
pen,35183ea3cc10183327a0
pen,3528c8c0d5740db67fc2
brush,3528c8c0d5740db67fc2
brush,355b25bfe14e04ad9e10
pen,355b25bfe14e04ad9e10
pen,3590b4cee02517de2264
brush,3590b4cee02517de2264
pen,3591c24794bcd929ba8a
brush,3591d12aa56db6745ad9
brush,35d937d300aea51cd6a5
pen,35e23446a2043045e871
brush,35f84a6f43eb3dbee687
brush,36050256c62c35a4ed16
brush,3605dca5fde76c7c7ada
pen,3605dca5fde76c7c7ada
brush,362a5fbe8c642e981c51
pen,362a5fbe8c642e981c51
brush,3644cbd211cf1abfc9f2
pen,3644cbd211cf1abfc9f2
brush,36557f14eaaa92945f91
pen,36557f14eaaa92945f91
brush,368ecbbf683ad568950f
brush,36c2e982031064b9d9f1
pen,36cbc3e6ddb723149d29
brush,36cbc3e6ddb723149d29
pen,36d68b1f96d0e1d8d564
pen,36d8f6a495655f9acc05
pen,36df95baf59006f506a8
brush,36df95baf59006f506a8
pen,373b4b430d532971e9f6
brush,373b4b430d532971e9f6
pen,37411e9e809aa43f67cc
pen,374f4ab9bd0438935cca
brush,3753220453e3a7a4af1e
pen,3753220453e3a7a4af1e
brush,37734f2b1262fdda02d7
brush,37947ef9d3422ebbdc99
pen,37947ef9d3422ebbdc99
brush,379d233cb138509c67bb
pen,379d233cb138509c67bb
brush,37b7afc30c525ee1d3f2
pen,37b7afc30c525ee1d3f2
brush,37ec0cb9e4c8b64ff892
pen,37ec0cb9e4c8b64ff892
brush,37fecd896a402a38ce6e
pen,37fecd896a402a38ce6e
brush,3808290dd06547f4ae21
counterproof,380dcf0a74cac5eb946e
brush,383088e7137fd31a4692
brush,389534deb35e9315fd09
pen,389534deb35e9315fd09
pen,38b31f380ffa3bdb0383
brush,38b31f380ffa3bdb0383
brush,38bdb54d70e667d51996
pen,38d0db6971009e70647e
brush,38d0db6971009e70647e
brush,38ede83fe52cda37d119
brush,38f9afcb0a5e37ce1584
pen,390286f0c1e2473027c0
brush,39380caf38b6a4045daf
pen,39380caf38b6a4045daf
brush,393e96196e4ecdf7438b
pen,393e96196e4ecdf7438b
brush,395b3425475781a49b20
pen,395b3425475781a49b20
brush,396b78ac5cf268d22c9e
brush,396b78ac5cf268d22c9e
brush,398531f411e021f43de2
pen,398531f411e021f43de2
pen,39a13e4e4f530c5023f2
brush,39c22e5c76a85cdc78f3
brush,3a158ee726ed1685af79
pen,3a25de9e7b214d30e4dd
pen,3a2a7891aa032e5aacba
pen,3a2f7635435f02819e41
brush,3a69edfc45bf74815223
pen,3a69edfc45bf74815223
brush,3a85c70b29e4e15e039a
pen,3a9dcf819698793077d6
pen,3aa3912907579eb1933a
brush,3aa3912907579eb1933a
pen,3aa426053c0674250563
brush,3abef3819db5c82a408f
pen,3accd4eb71f171178b73
brush,3accd4eb71f171178b73
brush,3ae582f277df445cefdb
brush,3aeba2cce52142a67642
pen,3aeba2cce52142a67642
brush,3af59582feb50c33fd77
brush,3b14c2fb4bc99bb2fc4a
pen,3b14c2fb4bc99bb2fc4a
brush,3b32c359420b0c62bced
pen,3b32c359420b0c62bced
brush,3b89f9e10a813cf42288
pen,3b89f9e10a813cf42288
brush,3b9d6b152896befec31c
pen,3b9d6b152896befec31c
brush,3bd86f3d3f8f57f263f6
pen,3bec789d06fc125e36f6
brush,3bee9155f99931aa8b8a
brush,3bfdbda51f403ee2afb4
brush,3c0cc198b532195f1bd1
pen,3c17c1abca845ab9bee2
brush,3c17c1abca845ab9bee2
pen,3c5f5f6ebd874e1799fd
brush,3c5f5f6ebd874e1799fd
brush,3c80d67fcc084ddcb9b1
brush,3cb3f1bed4142b1b56cc
pen,3cbc7427ff29af1b4695
brush,3d44cb6a2a6711106c49
brush,3d452c3d8018be17fd32
brush,3d68b4417e83436479b2
brush,3d957d5a098d2cfcc674
brush,3da3edd7b7dd54dd1d50
brush,3dcfbaea4a8d51111ccd
pen,3dcfbaea4a8d51111ccd
brush,3dd64954155ec98b59b6
pen,3dd772ab16d8c9fc6abc
brush,3dd772ab16d8c9fc6abc
brush,3dde407821be813c89b7
pen,3e1a83186d0f06ffca56
brush,3e1a83186d0f06ffca56
brush,3e2415236a163403883a
pen,3e29dcdb637c2780287b
brush,3e29dcdb637c2780287b
brush,3e35b6da59c817453fb6
brush,3e3fde48d6b9b63be0f8
pen,3e3fde48d6b9b63be0f8
pen,3e7960e5eee7f107f75b
pen,3e8cf865b4ca66ec9b1d
pen,3e91ba0042f1846f0f5c
brush,3e91ba0042f1846f0f5c
brush,3ea9e674ca38ffeda5ff
brush,3eb359f7f8385de4a1c7
pen,3eb359f7f8385de4a1c7
pen,3ef038a19c630d9f7dfc
brush,3ef038a19c630d9f7dfc
brush,3f1e637ce8af81c6636c
pen,3f67d5b4fc193abb1485
brush,3f67d5b4fc193abb1485
brush,3f67d5b4fc193abb1485
brush,3fa198542375d777382d
pen,3fa198542375d777382d
pen,3fa359567c5e5e9b22a6
brush,3fa68fc35efb47f1a077
brush,3fbb3a041a6ef7bb1109
pen,3fbb3a041a6ef7bb1109
brush,4033859accc36b224ee0
brush,403daac9555c810e961a
brush,403daac9555c810e961a
brush,4042fd4591a7c189bbf4
pen,405011ecd7f014ead275
brush,405011ecd7f014ead275
brush,405ff34cd159bb1edd64
brush,4060fb0e6b044515b41f
brush,406b4ab82be92ecf4948
pen,406b4ab82be92ecf4948
brush,406e8a4572b582b03d6a
pen,406e8a4572b582b03d6a
brush,4075137ed24190576640
brush,40f3e73ce8618ca7eac3
pen,40f3e73ce8618ca7eac3
pen,40fed908be9df36703eb
brush,40fed908be9df36703eb
brush,410da58d0647d01becb1
brush,413560a0ae316a5b63e1
brush,413560a0ae316a5b63e1
brush,4163c8ac24dbe2d4072f
brush,419556ee38ab3a4108ac
brush,41a12e77aa76fd6441b6
brush,41cd44766a94d51309b5
pen,41cd44766a94d51309b5
brush,41d276b30fc38513a5aa
pen,41d276b30fc38513a5aa
brush,41dbef507510f8fb523e
pen,41dbef507510f8fb523e
pen,41e3686261533eb7b6e3
brush,41e3686261533eb7b6e3
brush,41efeb3c953c86f35acb
pen,41efeb3c953c86f35acb
pen,421a3aea8be583849635
pen,422da11473de722227b2
brush,422da11473de722227b2
brush,42485d1d06cf55990102
pen,42485d1d06cf55990102
brush,424f2ae7995eb6bf0279
pen,42a65e6e907bcd158fa4
brush,42a65e6e907bcd158fa4
brush,42b3e6a010f7229d656d
pen,42e0a56d7d1c8da743de
brush,42e0a56d7d1c8da743de
pen,42ee41256dc33758cc98
brush,42ee41256dc33758cc98
pen,42fddc96c321eecb71c7
brush,43155ab44138535eca6b
brush,4323a455e47586d9768f
pen,4323a455e47586d9768f
pen,436688e81edeaab31d9d
brush,436688e81edeaab31d9d
pen,43a82252450565f6a4b6
brush,43af9df7acb6686fd6db
pen,43af9df7acb6686fd6db
pen,43b0709a22c00f1fce11
pen,43b4a3c741cbf23d6d5b
pen,43b56fba60e38177acd1
brush,43b56fba60e38177acd1
brush,43cf8f61c8c024fd709e
pen,43cf8f61c8c024fd709e
brush,43e99867d71b13921a53
pen,43eb6900fe032a775b70
brush,4423d64562a0cf1781c4
pen,4423d64562a0cf1781c4
pen,442e5e275788697a563a
pen,443578b2e35fbba9512f
brush,445edbe528a5720a303b
brush,446924fb5615340a3829
pen,4474e8e0877875e6197e
brush,4474e8e0877875e6197e
brush,44a94351aef4de56220a
pen,44dd40d295ac488a4d11
brush,44dd40d295ac488a4d11
brush,44e0a9b6b3745c2b512a
counterproof,44f221fa93fb34e3d1ca
pen,44f221fa93fb34e3d1ca
pen,4515acc80a7711509334
brush,4515acc80a7711509334
pen,451aabd13bacd6710583
brush,451aabd13bacd6710583
brush,453409ec55abde392e0b
pen,45435fd5390cd8d43a9e
brush,45435fd5390cd8d43a9e
brush,455aebade4695186665a
pen,455aebade4695186665a
pen,4571b78149357b71dc2f
brush,4571b78149357b71dc2f
pen,4582735c72f59cf7ee6b
brush,4582735c72f59cf7ee6b
brush,459dca223298a3583eeb
pen,459dca223298a3583eeb
brush,45a2006c993d1bbe084e
pen,45aa0e09eea46b4dfba6
brush,45aa0e09eea46b4dfba6
pen,45b7c8068c4aa736b2a3
brush,45d0185dfbf1d736dbff
pen,45d1e5bea6466b214304
brush,45d1e5bea6466b214304
pen,45f65af1d0bc07eee440
brush,46208d3a5a4af047713f
brush,462421d145ddec245eeb
pen,462421d145ddec245eeb
pen,463fce58a58a59ade2b9
pen,4640e5d30183075d6570
brush,4640e5d30183075d6570
brush,464dd7340dba0e070eb4
pen,464dd7340dba0e070eb4
brush,464f30ffbfe802bb3aa7
brush,46576afdd282380045f1
pen,46576afdd282380045f1
brush,46a2ec87a24e7726a542
brush,46b12a6f14d4340b7197
brush,46fcb9291c77663a1c1e
pen,46fcb9291c77663a1c1e
pen,470697793c6b6cba3379
brush,470697793c6b6cba3379
brush,4714ee00fc7d96b0bf30
pen,4714ee00fc7d96b0bf30
pen,471d14e44b5bcfd261aa
brush,471d14e44b5bcfd261aa
brush,47204ae8d5343609abfe
pen,47204ae8d5343609abfe
pen,4725379facb758942152
brush,4746510e8cd472fbecf2
brush,474b3de35c82a750fff4
brush,47a3d46bbe9d1d34fe12
pen,47dff1e6a53422728e68
brush,47e1427e44e23bc38cf2
brush,47fcfd91338e0e5b9d13
pen,47fcfd91338e0e5b9d13
brush,4814aba07af7fd48938b
pen,4861a14db07746acbca1
brush,4861a14db07746acbca1
brush,4881c6f3e56695f87d95
pen,489088f27e30eb7ee0d7
pen,48a1ce86855cd9dbb7f1
brush,48a1ce86855cd9dbb7f1
pen,48b23aebcf5e6a3fb037
brush,48eb623c80cc3e0e1730
pen,48eb623c80cc3e0e1730
brush,492583fe469d5784f528
brush,4935b11eaaac9ad88ee8
brush,493e2b15a63f042596fa
brush,49484babbe0209e01ad3
pen,49484babbe0209e01ad3
brush,4955e7f45a3909d36d9d
pen,4955e7f45a3909d36d9d
pen,49c5039e14fb7690e46a
brush,49c5039e14fb7690e46a
brush,49e1ace0349f4c51f2d3
brush,49e42e0ef45eefc59a62
pen,4a18e3c43e2fc7da42fe
brush,4a18e3c43e2fc7da42fe
pen,4a1aff519fa6f7282650
pen,4a429345e75ce863637a
brush,4a429345e75ce863637a
pen,4a62033434f232d48afd
pen,4a8a1ca310750317f271
brush,4a8a1ca310750317f271
brush,4aa6c50c28903078de81
brush,4ac5dcdd4066a0ff6427
brush,4acf2a8f2f1288189786
brush,4af4cf1238e003e2f337
pen,4b044866d936288e59e6
brush,4b044866d936288e59e6
pen,4b0b3eb1624f950d5afc
brush,4b0b3eb1624f950d5afc
pen,4b2f8373bc3906bfa441
brush,4b2f8373bc3906bfa441
brush,4b5d660e1a6f83549e31
pen,4b5d660e1a6f83549e31
brush,4ba0e6507bafa4d75922
brush,4ba1c178610d2fc8e0b1
pen,4ba1c178610d2fc8e0b1
brush,4bae1d7953cc2e1c5898
pen,4bb50e960ec49cec8892
brush,4bb50e960ec49cec8892
brush,4bc2ddc7044be5cc2aef
brush,4bd05f93a7fd18413e5a
pen,4bf331104c6f02d740f6
brush,4bf331104c6f02d740f6
pen,4c2780d3a45c9e656bd7
pen,4c56cf7a9572cf991b98
brush,4c56cf7a9572cf991b98
pen,4c6de4ea7446f03ffe6e
brush,4c6de4ea7446f03ffe6e
brush,4c80fa15259a9509fb41
brush,4c80fa15259a9509fb41
pen,4ca946dceb5ae03e3c72
brush,4ca946dceb5ae03e3c72
pen,4cf4c50b514b3870aca9
brush,4d83766b24e4e9710031
pen,4d83766b24e4e9710031
brush,4dc6df1f12af44f92d90
pen,4dcde84eef03bed482d8
brush,4dcde84eef03bed482d8
brush,4de9dbbac6a670d36720
brush,4dec45bf53b84700e3c4
brush,4dec45bf53b84700e3c4
pen,4e01ba3b9050ef9a0609
pen,4e0299969a19629c6be4
pen,4e0fa87b06143a58a21d
brush,4e0fa87b06143a58a21d
brush,4e197e9438763f9db64f
brush,4e22ef046196f989ef78
pen,4e22ef046196f989ef78
brush,4e3019ba2548bfac25bb
brush,4e455d231f484289d415
pen,4e455d231f484289d415
brush,4e4c0428ad264125ddd5
brush,4e4fff0df80b5d5cdc6d
pen,4e4fff0df80b5d5cdc6d
brush,4e52aec29c36ce661c7e
pen,4e52aec29c36ce661c7e
brush,4e57366b04b9df6339a5
pen,4e57366b04b9df6339a5
pen,4e671956eaffcc100fb5
brush,4e671956eaffcc100fb5
pen,4e80b60402da0166bcec
brush,4e80b60402da0166bcec
brush,4e9e2914d639f34c5a8f
pen,4ea43fbf7a3be1c13385
brush,4ea43fbf7a3be1c13385
engraving,4ebd2ab2a7a248de9f53
brush,4ec4316efcf739b841ea
pen,4ec4316efcf739b841ea
pen,4ecbef0c943f77485718
brush,4efe34d2780cbf8c2058
brush,4effb4e13e36ec0ea67e
pen,4effb4e13e36ec0ea67e
brush,4f3167780433e6391846
brush,4f3167780433e6391846
pen,4f3727f0d3cff7699e15
pen,4f3e82b637a346126d1a
brush,4f3e82b637a346126d1a
pen,4f4e8828001d375f71a2
brush,4f4e8828001d375f71a2
pen,4f64827edf33bf1bee24
brush,4fab75d336b9f2642e12
brush,4fb98df5c6f5389965eb
pen,4fc46efc5020e085c8a0
pen,4fd1cdbc488d7df7a665
brush,4fd1cdbc488d7df7a665
brush,5034216271f546f7ccc5
pen,5034216271f546f7ccc5
brush,5059e97dd7af2d971dcf
brush,506155fc23a53ccd8c93
brush,5066bb8cff1383ad0fc3
brush,5087a129e441dc988f16
pen,5087a129e441dc988f16
brush,508c83522a96183b4347
pen,50941196f45603b1e4ba
brush,50941196f45603b1e4ba
pen,50c581e9b9ea7212c388
brush,50cc0492c0d7c00ce434
pen,50dcb8c04a9d420313dd
pen,50e1afa02f006d703e45
brush,50f93d87779cb8125e2b
pen,50f93d87779cb8125e2b
brush,50fb64b31bacd792c598
pen,50fb64b31bacd792c598
brush,513c468da74ddb48bbe4
pen,513c468da74ddb48bbe4
brush,5171fde9d65c15e89be8
pen,519c816763d725b346cc
brush,519c816763d725b346cc
pen,51a71827a885f64dfd6c
brush,51a71827a885f64dfd6c
pen,51e7a3052eb84e6aae49
pen,51ea7c9ecb5f1e87fa68
brush,51ea7c9ecb5f1e87fa68
brush,51eebe2584c0a613214e
counterproof,5203cd252daf147147ca
brush,5225d9de63c584a1ea03
pen,5225d9de63c584a1ea03
sewing,5243762c2198a9b8c0c8
brush,52a58530c876a92f5cc7
brush,52a5958f0391d5379b34
pen,52a5958f0391d5379b34
brush,52de5bda9e4f0069b256
pen,52fd649058dc6e0378f7
brush,52fd649058dc6e0378f7
pen,5317083c51f5680fcaef
brush,5317083c51f5680fcaef
pen,5329898cb8cc2906c952
brush,5329898cb8cc2906c952
pen,53300577630d93d2df95
brush,5330b49564e8830e69cf
brush,534ed271afa3f79db135
pen,534ed271afa3f79db135
brush,53745a0ed34216b753f3
brush,53745a0ed34216b753f3
pen,53e00884b5be963f7a7b
brush,53fa9416f740e2c9a9ea
brush,540af7076ea906a91c37
pen,5429bf29083eb96d1570
brush,5429bf29083eb96d1570
brush,542deb807674bf24722b
brush,543ad97e7cd5d706c376
pen,543ad97e7cd5d706c376
pen,544003f709caea375a36
brush,544003f709caea375a36
brush,546dc439b99133a448b6
pen,549a09e1e90848fe0625
brush,549a09e1e90848fe0625
pen,549f76518944c8b76b78
brush,549f76518944c8b76b78
pen,54a9f45234d00efb8bd5
brush,54a9f45234d00efb8bd5
pen,54d17d3953464bfcba04
pen,54ece8e46c4587c6d038
brush,55323f039f024f5b3714
pen,55323f039f024f5b3714
brush,5568cddfe39a13219249
pen,5568cddfe39a13219249
pen,558f996e59363d6d57b9
brush,559a1fba453f5cebfc29
pen,55a83c08a4e87f2984c2
brush,55cbb0ecc7700ba8655e
pen,55cbb0ecc7700ba8655e
brush,55daf5f2564bf30ee8eb
pen,55f3f45e8f2f5a025072
brush,55f3f45e8f2f5a025072
pen,561b46705b55eebf2c1e
brush,563ebfcb7804a0da5bcd
brush,5641eebd23b06fabb1ea
pen,5641eebd23b06fabb1ea
pen,566bccf1873f9f7141aa
brush,566bccf1873f9f7141aa
brush,568570c978780d0f4931
pen,568570c978780d0f4931
brush,568d03f03974c2f63a19
pen,568d03f03974c2f63a19
brush,569f15ff3154775921c3
brush,56a67e7bbe70f0e87f7e
pen,56a67e7bbe70f0e87f7e
pen,56b8734c5519e3594d13
brush,56b8734c5519e3594d13
pen,56ec0a244adbc638262f
brush,56ec0a244adbc638262f
pen,56edfd4b3a61d6d610a0
brush,56edfd4b3a61d6d610a0
brush,56eec94d799b0b4789dc
pen,56eec94d799b0b4789dc
pen,56f3c4c0d7938aebf375
brush,5705c0f353bd3f213748
pen,57074d7bccdd1ef626ed
brush,57074d7bccdd1ef626ed
pen,5711996ba07cf70e3afa
brush,5711996ba07cf70e3afa
pen,574012953279e64e3abe
pen,57449b4a9b5ca2fdd260
brush,57449b4a9b5ca2fdd260
brush,5766a92eb56128fb8184
pen,5766a92eb56128fb8184
brush,576dcc9487e59f0ccf75
pen,57907f8d6430e870b731
brush,57a63d785da963ccb3c1
pen,57a63d785da963ccb3c1
brush,57b8c14d55ec0486724d
brush,57bc55696d3e487fc158
pen,57bc55696d3e487fc158
brush,57c6e138b8231fee3f2e
pen,57f7208bd46775874108
brush,57f7208bd46775874108
pen,57fe4b6aaf5fd71629e3
brush,57fe4b6aaf5fd71629e3
pen,580b77f59138d6cc3bc0
brush,580b77f59138d6cc3bc0
pen,582973e9e09c4163bd35
brush,58382932c870602f9f92
brush,5847918485b58278e855
pen,5847918485b58278e855
brush,584ddd48a444ded5b840
brush,586294b5c66a8d73d21d
brush,5888ef8b5bf838938ce8
brush,588f75af4faa6ee0f92a
pen,58ac52d3b7f7fa3389fe
brush,58ac52d3b7f7fa3389fe
brush,58c397cb61a2fa55549f
brush,58d844aabed9c6c3c00f
brush,59030c4c1b07d46d1628
pen,59030c4c1b07d46d1628
brush,5917714b4d5b34519c24
pen,5917714b4d5b34519c24
pen,591e63fa25a511b8235a
brush,591e63fa25a511b8235a
pen,591e63fa25a511b8235a
brush,5921ac36859a0dbecf38
pen,59447375b288bfe13e75
brush,59447375b288bfe13e75
pen,595284339d2c209d33dd
brush,595284339d2c209d33dd
pen,595f64e58579ba6965b8
brush,595f64e58579ba6965b8
pen,59946fe01167e0b76b0a
brush,59946fe01167e0b76b0a
brush,59a54ce126a5fc2eceee
brush,59e286f78b219bc7284e
pen,5a0e1b8f99e0dd3eda05
brush,5a0e1b8f99e0dd3eda05
pen,5a0f9a4910d2123a9e0d
brush,5a0f9a4910d2123a9e0d
pen,5a51abb1cc2ef4f8b533
brush,5a51abb1cc2ef4f8b533
pen,5a756707baea8a469d93
brush,5a7e3b68a35ef11c18e2
pen,5ad093cfc97db3ebfbf0
brush,5ad093cfc97db3ebfbf0
brush,5aebc4c28c42d02b5882
pen,5b03b773a6231fe6db44
brush,5b03b773a6231fe6db44
brush,5b2a95e34f4a073860c4
pen,5b490ff1b6bc2fc3f4b7
brush,5b49d020facbb2c4fb36
brush,5b7de19695cc32b8bcd0
brush,5bd8b13f4a4bb8bbf686
brush,5bd8b13f4a4bb8bbf686
pen,5bd8b13f4a4bb8bbf686
brush,5be505d1c69db45e1214
brush,5c2039d10f429c95240a
pen,5c2039d10f429c95240a
brush,5ca3c81cbe815b03cc2d
pen,5cafbc9f4698e29aed02
brush,5cafbc9f4698e29aed02
brush,5cba43228c837065ee0a
brush,5cba43228c837065ee0a
brush,5cd91eda18f17a2d12ab
brush,5cfe0c59a551aecc9c26
pen,5cfe0c59a551aecc9c26
brush,5d118015f88623519ea7
pen,5d118015f88623519ea7
brush,5d2e6f3f3cbac39aca1e
pen,5d2e6f3f3cbac39aca1e
pen,5d2fdd3e07ed351ee93a
pen,5d4804b1e0301f315779
brush,5d7f1cace298f85e9112
pen,5d7f1cace298f85e9112
pen,5d94ceb2fc1ce5d82af7
brush,5d94ceb2fc1ce5d82af7
pen,5daa208a20a182241922
brush,5daa208a20a182241922
pen,5dd0c79647e166bbccbc
brush,5dd0c79647e166bbccbc
brush,5e18a96c9b744940de39
pen,5e18a96c9b744940de39
pen,5e2190a26004e3d5be14
brush,5e2190a26004e3d5be14
pen,5e33d5f9087e0a88cbcb
pen,5e52052fd2ec9dac0dd6
pen,5e8a1ed233fb1b8db38b
brush,5e8a1ed233fb1b8db38b
brush,5ee4395d712f99bc992d
pen,5efb00ab2c251af8862f
brush,5efb00ab2c251af8862f
brush,5f19b66cc915b22ef572
brush,5f2e66ae9f3f3664aa4d
pen,5f373305a049e37fd13d
brush,5f373305a049e37fd13d
pen,5f456207c4fe79e2eeb7
pen,5f49a8b4888b8d609965
brush,5f49a8b4888b8d609965
brush,5f550beff4e29af63b0e
pen,5f550beff4e29af63b0e
pen,5f58b2ab08eca62689a8
brush,5f58b2ab08eca62689a8
brush,5f912f4f2149b744d2c5
brush,5fb7a220c80d7c0f1080
brush,5fce01f3b0c4913c2416
pen,5fce01f3b0c4913c2416
brush,5fd292f40f83e667df97
pen,5fd292f40f83e667df97
pen,5fe2bbdf4138e7116e38
brush,5fe2bbdf4138e7116e38
brush,5ffdf15492b84cc62ea3
brush,600374e815c344e5fec0
pen,600374e815c344e5fec0
brush,601afe06a6e344adbee3
brush,601d182808a0e804e497
pen,6022a71e6530db91ac99
brush,6022a71e6530db91ac99
pen,604ba57523721bbe16fe
brush,604ba57523721bbe16fe
pen,6055d8a30c79b2ddec6c
brush,6055d8a30c79b2ddec6c
brush,605adafc36b0acf23085
brush,60673354fc321f3b6284
pen,60673354fc321f3b6284
pen,60749ab486b2e170130b
brush,60749ab486b2e170130b
brush,608a3282001a3e48ab34
brush,60961d78515af2d2bf59
pen,60961d78515af2d2bf59
pen,60bd9738e0fbd0449d9c
brush,60c1cacb453d497ad3a4
brush,60e4ae39962e72af174d
pen,60e4ae39962e72af174d
brush,60ef51db192a5351f7cf
pen,60ef51db192a5351f7cf
pen,6110f9b1acf3ba25f54b
brush,6110f9b1acf3ba25f54b
brush,6118c54170a0f93e58a3
pen,611f17d75bab5cfe0e6f
brush,611f17d75bab5cfe0e6f
pen,61967ef4316731b6f310
pen,619a209d3398d480b503
brush,61d24922fc1f43d0b560
brush,61dfac2a508856b7ac59
brush,61e8eaa39c1c4e27d555
brush,61f733fdf105442affd0
brush,624704b0d948ec399d13
pen,624704b0d948ec399d13
brush,62b8a4ffea5ecb634cad
brush,62c67fc51e1e94897599
brush,62c918aed91e9d86a5b2
pen,62c918aed91e9d86a5b2
chalk,62cfb669fca4eebd1ac4
brush,62d2578245abfb5946ca
brush,62d5d73fa8db0c01ff86
pen,62d5d73fa8db0c01ff86
pen,62dcf28fe5eb1e2faf83
brush,62dcf28fe5eb1e2faf83
brush,62e3f89f96278ef6b4f0
pen,62e5b1c58d9302278eee
brush,62fda04e68b7e3ae4e3a
brush,6304d5c464bf482538e4
pen,6304d5c464bf482538e4
brush,6324a29a9b1f3fbb62ab
brush,6324a29a9b1f3fbb62ab
brush,6324a29a9b1f3fbb62ab
brush,6324a29a9b1f3fbb62ab
brush,6324a29a9b1f3fbb62ab
pen,63643e11883c7be1d024
brush,63643e11883c7be1d024
pen,63d8e96542f00a2a6b6f
brush,646269ebf951fba03d19
brush,64662138c8d286454df9
pen,64662138c8d286454df9
brush,648da67396d3a1518f5f
pen,64b8625ca4405b9c3136
pen,64d2b611bdc29466eb78
brush,64d2b611bdc29466eb78
brush,64f01fdb9d367472ee66
brush,653045b3655a1b9bb610
pen,653ab924b015d2a10464
pen,65449492c1cae4f7c8f2
brush,65449492c1cae4f7c8f2
brush,654ec0df7c165eb16f1f
brush,65540e4db22c7bbb8ad4
pen,65540e4db22c7bbb8ad4
pen,658586da956b3979511d
pen,65919680e5811d78c0e3
brush,65919680e5811d78c0e3
brush,6593f0208bb561834dd6
pen,6593f0208bb561834dd6
brush,65ae87f699caf90b778f
letterpress printing,65ae87f699caf90b778f
pen,65b538c448b6d0e57e71
brush,65b538c448b6d0e57e71
brush,65bf06543c85f83ca275
brush,65d578e1d3b5e306e631
pen,65f0c40b5d902aea3a31
brush,660779d56e4a3fd5439d
brush,6618bcdb98d04862cb83
pen,6618bcdb98d04862cb83
pen,663d6c518a250ded1d1f
brush,6646f26afbfcb549bf64
pen,6646f26afbfcb549bf64
pen,664b094381c5d7bd7065
brush,664b094381c5d7bd7065
brush,6666c4b3b322e5ca7c1d
brush,66699c2c4ed32714c00d
brush,6671378615a3be30d780
pen,6671378615a3be30d780
brush,6683b81517ba8f9b7b26
brush,6683b81517ba8f9b7b26
pen,66b2a54bb333946514d9
brush,66b2a54bb333946514d9
brush,66b4eeebae2d5dfd0935
pen,66b4eeebae2d5dfd0935
brush,66c7a93adc0a9b559b88
pen,66f21f190f9222ac88e4
brush,67239441f10925ebc949
brush,676851fccd1dd28c9347
pen,676851fccd1dd28c9347
brush,676a583c22496408e2bb
brush,67724077f5e574939570
pen,67733066e86e66c11e62
brush,6782ec4b6f12da9ed0c7
brush,6796a2fcdaa7623f0fbf
brush,67b78de08989f9053e86
pen,67b78de08989f9053e86
brush,67e09992e076e29145d9
brush,6814c4df8934310004b9
pen,6859227752687fcc8a4d
brush,6860322ab1d45467cc4b
pen,6860322ab1d45467cc4b
brush,68786805d76b90266bc5
brush,687a032d3c07a0c35e71
pen,688f8e9c646b89bf2c47
brush,68a58dd54f913371726b
pen,68a917f7736cd1a99183
brush,68a917f7736cd1a99183
pen,68d7c451505ec30008e3
brush,68d80f76649a6dcb2f3a
pen,68e1ba1728a1e21374a9
brush,68e1cb9ec9cf051f049b
pen,6914b1ba0cebfe0c953b
brush,6914b1ba0cebfe0c953b
brush,6925c28bddacdac9efa0
pen,6925c28bddacdac9efa0
brush,695cae7dc10bb8db8aec
pen,6963951845f3ba8aba4f
brush,696a60fd7a89f88e0e12
pen,696a60fd7a89f88e0e12
brush,698097938c10a7ba4d21
pen,698097938c10a7ba4d21
pen,69bcc5b97574d8085326
pen,69becaf6a6d293b08a76
brush,69becaf6a6d293b08a76
pen,69c03525977e3769cb0e
brush,69c03525977e3769cb0e
pen,69da2d00949efd9b20de
brush,69e7b15ca511507b1f3f
pen,69e7b15ca511507b1f3f
brush,69edf49a74b718d20713
pen,6a0db49c43fd36f12254
brush,6a0db49c43fd36f12254
brush,6a1846fb600896921e2a
brush,6a2c26ee4df43ccbd36b
pen,6a2c26ee4df43ccbd36b
pen,6a2f46cf699760b33bd8
brush,6a2f46cf699760b33bd8
pen,6a91395d9524da672802
brush,6a91395d9524da672802
brush,6a9de3def8f5ebd290c3
pen,6a9de3def8f5ebd290c3
pen,6ad43e0ac7f3f228579b
brush,6ae4dceef076884e2e43
brush,6aed50cfda20a5c37913
pen,6aed50cfda20a5c37913
brush,6af563d44c2eb0f5aa8f
pen,6af563d44c2eb0f5aa8f
pen,6b1d30e822cf09f758d5
brush,6b1d30e822cf09f758d5
brush,6b22d2c196334aa1c885
pen,6b2f1763235a9f824435
brush,6b2f1763235a9f824435
pen,6b3497c01f5fda2acebf
brush,6b3497c01f5fda2acebf
pen,6b3ace567f0e9fec13d4
brush,6b3ace567f0e9fec13d4
brush,6ba2ea87fcf0d810e9b0
pen,6ba2ea87fcf0d810e9b0
brush,6ba7fddfca03c14235e7
brush,6bdb161a80fda477913d
brush,6be64025ab25c77b07a0
brush,6bfb8b32b732050bfdc2
pen,6bfb8b32b732050bfdc2
pen,6c20b03c12688bd3fc2c
pen,6c3129d5370a1becbbf6
brush,6c4d98feb4436ff1aad6
brush,6c7b6dc4b867e73e566b
pen,6c7b6dc4b867e73e566b
brush,6ca110e046db2cd2a299
pen,6cad97d528cfde2c4e3b
brush,6cc17a04ef4b9ff5abe7
pen,6cc17a04ef4b9ff5abe7
brush,6ccf78310cf78247a9d6
pen,6ccf78310cf78247a9d6
brush,6cdfcc69a182cc5326b2
pen,6ce35681ec33a051cb2e
brush,6ce35681ec33a051cb2e
pen,6ce8628ca55c23193c6f
brush,6ce8628ca55c23193c6f
pen,6d06a7683871d18c613f
brush,6d06a7683871d18c613f
brush,6d2140939ba28774918f
brush,6d59fbcf446685fbfa59
pen,6d59fbcf446685fbfa59
pen,6d5ed3877939d6135ad3
brush,6d5f9f33818d96e7b37f
pen,6d5f9f33818d96e7b37f
brush,6d73f47d14e89c1d4fe7
pen,6d73f47d14e89c1d4fe7
brush,6d7ea3849517c8d8913a
pen,6d7ea3849517c8d8913a
pen,6d886407d481ee254412
brush,6d886407d481ee254412
brush,6d9c08d4765b475d4456
pen,6db8be52f5cd0c741c9d
brush,6db8be52f5cd0c741c9d
brush,6dc315fc317a429121fb
brush,6e0a7cf2b02cebc366e1
pen,6e0a7cf2b02cebc366e1
pen,6e174bb00d602e5448c5
brush,6e174bb00d602e5448c5
pen,6e1c5f6614f532485ea2
brush,6e1c5f6614f532485ea2
brush,6e2a879bac5d328015bd
pen,6e38d0ee740378b284d2
brush,6e50e19c22f811f73693
brush,6e63231f4b282fa7f4d7
brush,6e6a85e4bc148c7f0333
brush,6e7aad5afcb4122cefdc
pen,6eb6d28b500ca9f12967
brush,6eb6d28b500ca9f12967
pen,6ec930822556c3ee1e1f
brush,6ec930822556c3ee1e1f
pen,6ed21b1236f768685117
brush,6edff6233b31d7422aac
brush,6eeaa914279e47686ce6
brush,6eeaa914279e47686ce6
brush,6f1bf39e9ae9f21f719f
brush,6f3cf22201cf44d3827d
pen,6f3cf22201cf44d3827d
brush,6f5630e1ebe831c896a6
pen,6f5630e1ebe831c896a6
brush,6f59ec0081952c976d7a
pen,6f5adbe58748697012ad
brush,6f5adbe58748697012ad
pen,6f6ae221fc4a85ee9de6
brush,6f6ae221fc4a85ee9de6
brush,6f6d362d57ab4581742c
brush,6f9c5078cda79c01c25d
pen,6f9c5078cda79c01c25d
brush,6f9ce8e93c588290441f
pen,6f9ce8e93c588290441f
brush,6fac498778cac723443b
brush,6fbde2e3bc8796a3b82c
pen,6fbde2e3bc8796a3b82c
brush,6fcc64230838c82dafe0
pen,6fcc64230838c82dafe0
brush,6fd341fd18e259ed839e
pen,6fd341fd18e259ed839e
brush,6fd7313bba14b18f9716
pen,6fd7313bba14b18f9716
brush,6fdca05eee1564f7bf7d
brush,6fecf967fe31f8eb1f0c
pen,70054b1c0e48f97fb9bd
brush,70054b1c0e48f97fb9bd
brush,704f8935e5584d643745
brush,705c2b80ebc6b0dab3fe
pen,70600e789d4b78e6714f
brush,70600e789d4b78e6714f
brush,709cfad4cf2425e44674
pen,70a8811ca0962fe6df96
pen,70c6b8c6b07a03756e0b
brush,70c6b8c6b07a03756e0b
brush,718568b95cf75b329ffe
brush,719eb14ed0266b6aab3c
pen,71b4c7f77f492f1c49da
pen,71bb6fc3e264c1c0eeba
brush,71bb6fc3e264c1c0eeba
brush,71eea60e91b932a2867f
brush,720e4d10b33c21a8718c
pen,720e4d10b33c21a8718c
brush,7214bf6bd71e010e0511
brush,7217dc45bcb2627213d8
brush,722167fe00f19761f591
pen,722167fe00f19761f591
pen,72229d38a55408b983a7
brush,72229d38a55408b983a7
brush,724d53d738bad0add9bc
brush,724ec1cb1716b26566d5
brush,7275e60fa01fa6f8fa67
pen,727c4c1d2696b4d6c12d
brush,727f9ecca63d8dc72761
pen,727f9ecca63d8dc72761
pen,72c317502a6309b32b97
pen,72dce3232855bcea836a
pen,72e95605b1882e6caa62
brush,72e95605b1882e6caa62
brush,72f510fde35bfeb3f6fa
pen,731cf0c70e23a01e45de
brush,731cf0c70e23a01e45de
brush,7323cf6672788c8dca7d
pen,7328b2e6b47e6b82d306
brush,7328b2e6b47e6b82d306
brush,737accf07afcd13c2011
pen,738718898b20d74563ab
pen,73b7c36978f800503da1
brush,73b7c36978f800503da1
brush,73da69e77e8ea337d34b
pen,73efc55fea3713e698a2
brush,73efc55fea3713e698a2
pen,741b1b88924bae83b2ba
brush,744835b0aaebb5187ea7
pen,744835b0aaebb5187ea7
pen,745b4c9b03a1cfe31dac
brush,745b4c9b03a1cfe31dac
brush,746b5a7b62a64a23edda
pen,746b5a7b62a64a23edda
brush,746e98bb0b0f3127634a
pen,747ab95cf901ce3b9719
brush,747ab95cf901ce3b9719
brush,747c035308671c0ec101
pen,747c035308671c0ec101
brush,747e3bb243eebe06c272
brush,747f53bef1cf8fa2a31b
pen,748b5d16e96fdb2a9943
brush,748b5d16e96fdb2a9943
pen,7494f29a3537a63e15e9
brush,74a829c6821f1da09413
brush,74a9df065a9232deadcf
brush,74ab43a8c764fba82922
brush,74c8a62bf6e76cd16024
pen,74c8a62bf6e76cd16024
pen,74d98f59f45f0b3fb30d
pen,74f379c8ba44d18891a9
brush,752c7c8f2860002301e4
pen,7589c522ede8e8022ab6
brush,7589c522ede8e8022ab6
brush,75a37c2501fca92ccadb
brush,75c5bcfef3d5d40c0263
brush,75c7cf1f55f31cdcc0b8
pen,75c7cf1f55f31cdcc0b8
brush,75f86215b30fccfccf73
pen,760e55906a5c4d5c2174
pen,764688714a99ed74105f
brush,764688714a99ed74105f
pen,769683f517331e3cfc60
brush,769683f517331e3cfc60
pen,769c90960eed424eaeb1
brush,76ac6b8598f94ee5f5b8
brush,76b3f099d37f2d276b47
brush,76baad85528e5ead9ae2
pen,77026d0567f357e38302
brush,77026d0567f357e38302
pen,7708f61b4ef19de4c2c4
brush,7716ffae7b55ffc7caee
brush,7721cf7c098d678d67f9
pen,7721cf7c098d678d67f9
brush,77465c98da3c87573023
brush,7749f4e414df6642d563
pen,7749f4e414df6642d563
brush,774c37eb7b047271b7ef
pen,774c37eb7b047271b7ef
brush,775791df47c9236d8a7b
pen,775791df47c9236d8a7b
pen,77600550c5dfac3477c5
brush,77600550c5dfac3477c5
pen,776c721e0647a0970b76
brush,7775bb3ccb1cd2a1e184
pen,7783ae6b36d8e724881b
brush,7783ae6b36d8e724881b
pen,779c6857ebac48f14dd4
brush,77c8fde17ddfe8cc2496
pen,77c8fde17ddfe8cc2496
pen,77d9cfa305915ad6adc0
brush,77d9cfa305915ad6adc0
brush,77dad6ea9f9f5e4c45ef
brush,77e5f8feb64e7f52c22f
brush,77f96879ef6bc8586e65
pen,77f96879ef6bc8586e65
pen,781de9a684c12c956877
brush,781de9a684c12c956877
pen,7879e4f36f87b8533fa4
brush,7879e4f36f87b8533fa4
pen,789ae1817ca6d0036c72
brush,78a065b63e1f269eb89f
pen,78a065b63e1f269eb89f
pen,78cc1a56bd23e4dd26ad
brush,78cc1a56bd23e4dd26ad
brush,78cc1a56bd23e4dd26ad
pen,78d98f206130dbe16e49
brush,78d98f206130dbe16e49
brush,78ee319e9bd0c01fc635
pen,78ee319e9bd0c01fc635
pen,78f3d678d7ea1f8f867f
brush,78f3d678d7ea1f8f867f
pen,78ffd41ad283501868e6
brush,79013f466ab093ecc809
brush,7901e42585a70f761278
brush,7915f4db60281414abb8
brush,791bbca703f556235e57
pen,791bbca703f556235e57
pen,7920719f6c8703a35289
brush,7920719f6c8703a35289
brush,79368026051ab6320030
brush,794661b1d038c6a59a01
pen,794661b1d038c6a59a01
brush,794fe43ae07b716ba1e8
pen,794fe43ae07b716ba1e8
brush,796734ca9a71850d9ce2
pen,796734ca9a71850d9ce2
pen,79ac17eb2a2fa53d8738
brush,79ac17eb2a2fa53d8738
brush,79ba5c32b14d4a20b330
pen,79bbe84e96cbdcf3926a
brush,79bbe84e96cbdcf3926a
brush,79bf2d1bbd50629f7a9c
pen,79bf2d1bbd50629f7a9c
brush,79cc3911288ec5fdbd12
pen,79cc3911288ec5fdbd12
brush,79cc3911288ec5fdbd12
brush,79d632b122cbea2a646b
brush,79d820e4dac3229062ae
pen,79d820e4dac3229062ae
pen,79dbe5844ca6a8467873
brush,79dbe5844ca6a8467873
brush,79e3261247fa517daba3
pen,79e3261247fa517daba3
brush,79efdfa04d579623347c
pen,79efdfa04d579623347c
brush,7a06523f3c8316d9a60b
pen,7a1c569666806188e3c6
brush,7a1ff24ade14aefe943c
pen,7a2d1323d34b6bdea921
brush,7a3ca78a9971ec284687
brush,7a67c4df76e764fe760e
pen,7a67c91a8ff1fe338e2e
brush,7a67c91a8ff1fe338e2e
pen,7a9dc71984cc65e3464b
brush,7aa3614e343d63193420
pen,7aa3614e343d63193420
brush,7ab9f440855f7aab51ca
pen,7ab9f440855f7aab51ca
pen,7b1f65614b3e057f3167
brush,7b1f65614b3e057f3167
pen,7b210b3f187fa4324582
brush,7b210b3f187fa4324582
brush,7b4ba60ba949009422cb
pen,7b4ba60ba949009422cb
brush,7b968669cbce1275f4e1
pen,7b968669cbce1275f4e1
brush,7bb23e4bb946f79d9872
pen,7bb23e4bb946f79d9872
pen,7bbebbde0aa7f8b1bdee
pen,7bc30a8b9ac5dc979991
brush,7bc30a8b9ac5dc979991
pen,7bcfc7c370dbbd57a67a
brush,7bcfc7c370dbbd57a67a
pen,7bde63fe4b426e48b148
brush,7bf7dbe75a46a59ebd69
brush,7c00fd3d1b350bb8bfbf
brush,7c039b17a8933aaedaad
pen,7c039b17a8933aaedaad
pen,7c156d8bed8d5ed24c0b
brush,7c156d8bed8d5ed24c0b
brush,7c188b2628fef2e27861
pen,7c188b2628fef2e27861
brush,7c3aaf5377ae0ebc171c
brush,7c421fc0e4f61e6fb700
pen,7c421fc0e4f61e6fb700
brush,7c4566a07af1a79feeee
brush,7c649b73aa6868fbed19
pen,7c649b73aa6868fbed19
brush,7ca9da1be33eb591b9c4
pen,7cc906e63dec47fdcb5d
brush,7cd12f820de1e3fbac27
pen,7cd12f820de1e3fbac27
brush,7cda52f1f24766340b89
pen,7cda52f1f24766340b89
brush,7cdffa8092e07f96777b
pen,7cdffa8092e07f96777b
pen,7cf6003a942b7da92e17
brush,7cf87f6ccb24136a8271
pen,7cf87f6ccb24136a8271
brush,7d32f0538278de005665
brush,7d73440321902133e6f2
pen,7d73440321902133e6f2
brush,7d8ede425c01b2c0d95d
pen,7d8ede425c01b2c0d95d
pen,7d8fe6a6039e890a99b7
brush,7d8fe6a6039e890a99b7
pen,7da8345adeedc9a9d566
brush,7da8345adeedc9a9d566
brush,7dbaa308f33fad8d7bf9
brush,7dc812e4d8d17bdfd645
brush,7decbeb15ae61e4e7d8c
brush,7dfe58deeb2032b3bad4
brush,7e3f175ad5fa13cfd613
brush,7e41d1d768e56cbc1553
pen,7e41d1d768e56cbc1553
pen,7e60f96a969d03ffeb97
pen,7eaaf059c23fd92b8f10
brush,7eaaf059c23fd92b8f10
pen,7ed7e5c4039ddee5361c
brush,7f09d6fd6f55f182482f
brush,7f15d29b503bcc62c8cc
brush,7f46c6b6783a0418983f
pen,7f55ed4290117581fe44
brush,7f55ed4290117581fe44
brush,7f6e90b32618527b1879
pen,7fa346d6f01cd8e1fe2f
brush,7fa346d6f01cd8e1fe2f
pen,7fd63d0a2d01b642256b
pen,7fe2b10807b05ab412b5
pen,800f57f15636929d5458
brush,800f57f15636929d5458
pen,801c5c9a4e113d28dacd
brush,801c5c9a4e113d28dacd
brush,8042e7cf9c420d9dfee0
brush,807e37c35d9396f4d7a7
pen,8092832981098c202dd6
brush,8092832981098c202dd6
brush,809c875fa3b99f822bbc
pen,809c875fa3b99f822bbc
brush,80a8d5e0b2433b1d9c77
pen,80a8d5e0b2433b1d9c77
brush,80f2f34d01a4a5f0bb8e
brush,80f61be642acceaa380e
pen,80f61be642acceaa380e
brush,810088d6b9538d997ffb
brush,81454f4d9627f7eb2013
pen,81454f4d9627f7eb2013
brush,81a078bb36773311c475
brush,81b5058d137d267f5dde
pen,822069a177ba6c5e4b90
brush,82250bdeadbbf862d083
pen,82372b8eae4585a29dce
brush,823b41d3fb26d31eb2ef
pen,8248e37ac55d48be7ef0
brush,8248e37ac55d48be7ef0
brush,825a9d13dc6b31b8c639
pen,825a9d13dc6b31b8c639
pen,8274e3a75017284a6e30
pen,82e52b05db8d394d7989
pen,82f9c897f18aebf7cc94
brush,82f9c897f18aebf7cc94
pen,8318bbdaed2dfe25d818
pen,833948c3621a407f038e
brush,835de7ea2e399e467c96
brush,835f0f174bf4f212e338
pen,837c137cfe49771458ea
brush,837c137cfe49771458ea
pen,839ba85c1d1db8baa249
pen,83db30e8d009a634469b
brush,83db30e8d009a634469b
pen,83dc906db1a25a58ef33
brush,83dc906db1a25a58ef33
pen,83ebc2d7433328ff9ce2
counterproof,8403f8cb450150f583bd
pen,841fdcf342dc258b4ed4
brush,841fdcf342dc258b4ed4
pen,842f1d718e7db453ad77
brush,8449a59e1c6df5b4375e
pen,84bab9aac526f3b39505
brush,84bab9aac526f3b39505
brush,84cb6c653d8b2d0bd7a8
scoring,84e312aab7f76effde14
pen,84ecf47b615aaf620541
brush,853da8500503635acfd2
brush,8551bf1866cf5bc5fda5
brush,8553abfc55243ce516d9
pen,8553abfc55243ce516d9
pen,856b9f9840c610769329
brush,85840580e4ffe6a44b6f
brush,85a3df321fa4daa5e5fd
pen,85ab9c97c132f1cb4fcd
brush,85ab9c97c132f1cb4fcd
brush,85afee525e5842336b83
brush,85b855fd484838c61f0d
pen,85cca1d65c89f2268e7a
brush,85cca1d65c89f2268e7a
pen,85ecf151daee9ba37599
brush,85ecf151daee9ba37599
pen,85f63a8b272977a2b4cc
brush,85f63a8b272977a2b4cc
brush,86002d05262081b51cea
brush,8606f51e43884f4959fc
pen,86197e1eea1b598f8f72
brush,86197e1eea1b598f8f72
brush,8624f80e39fd8b2271ff
pen,8624f80e39fd8b2271ff
brush,864d68f718dc563387e6
pen,864d68f718dc563387e6
brush,865bf37c436a13eebdb4
pen,86827c7de431747f2c10
brush,86da2f21b2053b083b8d
pen,86da2f21b2053b083b8d
pen,86e022273bae09475526
pen,86e53931c2b8ef64b704
brush,86e53931c2b8ef64b704
brush,86f20ce3f4ad4424b37a
pen,86f20ce3f4ad4424b37a
pen,87195f0ab940e3253247
pen,872820e05453c7b5ab10
brush,872820e05453c7b5ab10
pen,873366b55cc36927e261
brush,873366b55cc36927e261
pen,87462db3385090c40734
brush,87462db3385090c40734
brush,8747c9a2558ec36881b2
brush,875239bbe7da43a77e4c
pen,8758ea06951a9867cd9b
brush,8758ea06951a9867cd9b
pen,87773a74e2ee7f3902df
brush,87773a74e2ee7f3902df
brush,878ace025dcce1fec3ed
pen,878ace025dcce1fec3ed
brush,87aba92e66ce2e8f50e5
pen,87e054b247af8161ef48
brush,87e054b247af8161ef48
pen,87f71598eccadbe2c3a4
brush,87f71598eccadbe2c3a4
brush,883409cb0515f66119de
pen,883409cb0515f66119de
brush,88572d1bb0d72247142c
brush,88572d1bb0d72247142c
brush,885868873569fc4fb4dd
brush,886f7e45aeaeae3937c5
pen,886f7e45aeaeae3937c5
brush,888d05dc58504f8a8127
pen,88977ee0118598b1c78d
brush,88977ee0118598b1c78d
brush,889bcdad4b46338c63ba
brush,88a0d704fcbcf782036c
pen,88a0d704fcbcf782036c
pen,88b8e2ea1cc739b3aa36
brush,88b8e2ea1cc739b3aa36
brush,88d07b722dcf036577ff
brush,892ba16f98133b9c20b0
pen,893ba20838b44827ac56
brush,896886c020698650a727
pen,896886c020698650a727
brush,8978e72a3b38019c6e99
brush,8987f7d0017712b2cd9d
pen,8987f7d0017712b2cd9d
brush,898d6f9a892f8fa17d11
pen,898d6f9a892f8fa17d11
pen,89b3a34b5f90965248fe
pen,89cadc1262b363cb4fcd
brush,89cadc1262b363cb4fcd
pen,89cbc1a484a7f1ce03a1
brush,89fa46a8fa12f210d06c
pen,8a517be04a9a1eff7645
brush,8a517be04a9a1eff7645
brush,8a53a59de300587006d4
pen,8a53a59de300587006d4
brush,8a68075ee43bf942e3e2
pen,8a68075ee43bf942e3e2
pen,8a786c10a7c674bb0004
brush,8a786c10a7c674bb0004
brush,8a78d92eba4982da1112
brush,8a8f830a786d8ca12157
pen,8a8f830a786d8ca12157
brush,8ab7b4b596328ae53cd1
brush,8ad681c614dc0831d2c3
pen,8aeaa3f1c2073b477fd2
brush,8aeaa3f1c2073b477fd2
brush,8b0064eda9fa510aa337
pen,8b0064eda9fa510aa337
brush,8b1077cbe9f3408ee0a7
brush,8b3f9d8c650eec9e08cb
pen,8b519c85c96f6e1f28eb
brush,8ba4f139b73a650f150a
pen,8bb7ae82bbeeae025774
brush,8bd78c1d6b7f61214d8a
pen,8bd78c1d6b7f61214d8a
brush,8bf9e3319b07346efcb8
pen,8bffcb7190e85ee525ce
brush,8bffcb7190e85ee525ce
brush,8c10d1773498d63e0883
brush,8c1ae589d154eab5bf09
pen,8c2b2a00b5490efbefde
brush,8c2b2a00b5490efbefde
brush,8c44b7099e7adc7838f8
pen,8c44b7099e7adc7838f8
brush,8c557b260296a690c12c
pen,8c557b260296a690c12c
brush,8c7b43b1015607fa5dbd
pen,8c7b43b1015607fa5dbd
brush,8c865649ced5046f01b0
brush,8ccaafb381ac518ffc7a
brush,8cd9220ace872cb44e9c
brush,8ceebcc3b2ef4558d37a
brush,8cefb49fff2e8315b858
pen,8cefb49fff2e8315b858
brush,8cfd86a7ea529178dc5a
brush,8d0d36bf57556a1a8723
pen,8d0d36bf57556a1a8723
pen,8d2593f36cc441d40ac6
brush,8d2593f36cc441d40ac6
pen,8d2c457ec517811685eb
pen,8d7677ebf16ee8262d2b
brush,8d7677ebf16ee8262d2b
brush,8d8d822606ce88c0a99b
brush,8dacf48c427bbe2670a6
pen,8dacf48c427bbe2670a6
brush,8db179e1ad9ded5f151c
brush,8db404ecc70e39899b26
pen,8db404ecc70e39899b26
pen,8dce978375e0d6a7ff5f
brush,8dd17ec548667d99aa36
pen,8dd57fdba6f133d84992
brush,8e0333baac79d85ea005
pen,8e0333baac79d85ea005
pen,8e3428d48f15e1e51da5
brush,8e3428d48f15e1e51da5
brush,8eb53bcd241457058c34
pen,8eb53bcd241457058c34
pen,8eca2cdf6eceec63899f
brush,8eca2cdf6eceec63899f
brush,8ecd4e41adfcb4db546a
pen,8edca65b6ddb53664a9b
brush,8edca65b6ddb53664a9b
pen,8ef35c5234cff3e25b82
brush,8ef35c5234cff3e25b82
brush,8f18549155284f165841
pen,8f28bbf2ab59d8d7222d
brush,8f28bbf2ab59d8d7222d
brush,8f9f5b9ca196835940d0
brush,8fbd7ba3655fac4f70b4
pen,8fd506c933a4c9a83206
brush,8fd506c933a4c9a83206
brush,8ff47e7840b5428e885f
pen,8ff47e7840b5428e885f
brush,900cfe0e684924e7be85
brush,9010cbff4e7b59f89baa
brush,9020c457f0db19c1ddbc
pen,902bae16408c899f2fe4
brush,902bae16408c899f2fe4
pen,90362edf0f04a1df4b14
brush,903ffc1300b43626b28a
brush,9074c1182ef5b81263ee
pen,907f1ba73d073306e04e
brush,907f1ba73d073306e04e
brush,909da0b1cdfe79485d9e
brush,90a02af53e212eda6bb5
pen,90a02af53e212eda6bb5
brush,90c1450ea002e3e39c3b
pen,90c1450ea002e3e39c3b
pen,90c8c2c78c850572ada9
brush,90c8c2c78c850572ada9
brush,90d0c191279ee2df5bb2
pen,90d0c191279ee2df5bb2
pen,91047a018f0002cdf304
brush,91047a018f0002cdf304
pen,912dee568842ece3876f
brush,912dee568842ece3876f
pen,912f225814f71f1be481
brush,913b93706d94d1ea0bad
brush,913bd1a8e1218b165b64
pen,913bd1a8e1218b165b64
brush,913ce4dcf651c28e4579
pen,9150309c0a388c34f260
pen,91664e0d139eb7c8f7b2
brush,91664e0d139eb7c8f7b2
brush,918cd5e660a0a53601c2
brush,9196fb1f73ad910f1128
pen,9196fb1f73ad910f1128
pen,919bbe361110c29aee45
brush,91ba1b1a98f8c0e69dfa
pen,91e40c9bd0f00773319d
brush,91e40c9bd0f00773319d
pen,91eb014d6b64edea24a8
brush,91eb014d6b64edea24a8
brush,9205d2a98bd17ef198c5
pen,92066d994ffe460813bf
pen,920e553cc3aa3075227d
brush,920febabac7fb9ceb41a
brush,92118bdcdb6fbfc4b2df
brush,92483136d099ee294491
brush,924ada62d0e0f645cd3d
pen,926007648b889970fb0d
brush,926b11d9aaf5a29c5db6
brush,927edf97a52db0d0cab1
brush,9293ebac5d71177f59a5
pen,92c646d69d512889e33b
brush,92c646d69d512889e33b
brush,92d57ff1ad0ccb6403a3
pen,92d57ff1ad0ccb6403a3
pen,92f4cbcf18f66e749b67
pen,930bb8faddd4f7fc9315
brush,930bb8faddd4f7fc9315
brush,932dfb02afa884914d52
brush,933909ea3cd8983e4ed2
pen,933db579f50fb39b226e
brush,933db579f50fb39b226e
pen,934c7a2d38888fbf74bc
brush,934c7a2d38888fbf74bc
brush,9372d575d92dc517dfac
pen,9377c78573b4db65a625
brush,9377c78573b4db65a625
pen,93781433074a288c3af5
pen,938b7e6cd6e56d9a132e
brush,939a9853bad73d0ef870
brush,939ee7d4f67c3a9dae46
pen,93a516d503ac0198258b
brush,93b3f3087d0e64708968
brush,93f766a33172fd645567
brush,941a1e89e90194d313ef
brush,9429dab492460e7e383d
pen,942e6b2db24f8500de08
brush,942e6b2db24f8500de08
brush,9437260aeff1476d7203
brush,944358403e3687c6eb5b
brush,945c97e46183ea84341d
brush,9463b9f2071d4ef234ff
pen,9463b9f2071d4ef234ff
brush,947f305bd136f98e4c1f
pen,9480cdc7dc273690aab7
brush,9480cdc7dc273690aab7
brush,94ca578b61071c627b62
pen,94ca578b61071c627b62
pen,94ca7dd9a87e1c5bd722
brush,94ca7dd9a87e1c5bd722
pen,94e141464e7aad4f5ac7
pen,94ee0211deff3decd107
brush,94ee0211deff3decd107
pen,95500ff8a7159aeb7f8d
brush,95500ff8a7159aeb7f8d
pen,9557145e0c526b5bb1fc
brush,9557145e0c526b5bb1fc
pen,95969ba48f4a8ece2b4b
brush,95969ba48f4a8ece2b4b
pen,959f3c5b849807dc1174
pen,95c561869335fb01f570
brush,95c561869335fb01f570
brush,95f3cd8d85a9c89f860a
brush,9608bf5124325a2a1296
pen,9608bf5124325a2a1296
brush,960d0607c9f57f25aea0
pen,960d0607c9f57f25aea0
pen,960da17e939d2cdc69a5
pen,9618b332246a2cd8615a
brush,9618b332246a2cd8615a
brush,962803d9d8c30f0b7657
pen,962803d9d8c30f0b7657
brush,963726b968c746bbd33e
pen,963726b968c746bbd33e
brush,9643b58a437b289fc46a
brush,9643b58a437b289fc46a
brush,9643b58a437b289fc46a
brush,96486a815838163e6362
pen,964c6ea9067c7d1db70f
pen,9671dbd41ce56b6231a4
brush,969694688bb64ac05249
pen,969694688bb64ac05249
brush,96c48f0387be96ea1f5c
pen,96c5b035d7e782df0e8a
brush,96c5b035d7e782df0e8a
counterproof,96f5f4a64d546766c1f5
pen,9707491e94d115671a5a
brush,9707491e94d115671a5a
brush,972e8d714a8dc11c4d0e
pen,9740a0e0e2c8fb531696
brush,9740a0e0e2c8fb531696
pen,9754c72d3a8730bfebc8
brush,977985adef8490524d66
pen,97acc84d1db59d47c525
pen,97b28c2d32cdc367e215
brush,97b28c2d32cdc367e215
brush,97d6e33d2b06542e3e48
pen,980f8d8ff144765b125d
brush,980f8d8ff144765b125d
pen,981c663448703b8b22ab
brush,981c663448703b8b22ab
brush,9831a7f613bf29b6748c
pen,983ede9b14484fc7eef3
brush,983ede9b14484fc7eef3
brush,98426fc21ab6219792ee
pen,986438ad763849ba8476
brush,986438ad763849ba8476
pen,986bb455b85d44576b47
brush,986bb455b85d44576b47
brush,988cd1f49cd627959866
brush,98a129527f5aca0134d2
brush,98e8c7e8a996036459b3
brush,98f5bb2105ebc876ce67
pen,993e2f622302a96472c0
brush,993e2f622302a96472c0
brush,998bfd5091d45b4b6be1
pen,999a7543f4b554bc57b7
brush,999a7543f4b554bc57b7
brush,9a003fbe6d76679775bb
brush,9a04182df0d81ea123c5
brush,9a300c60ecd7a9cba86d
brush,9a357e20766d61a161eb
brush,9a3892474ab5fdda6a1c
pen,9a4445b42d78281bdd18
brush,9a4445b42d78281bdd18
brush,9a546ebde80af7132af7
pen,9a6c3d554fc3dd55db6c
brush,9a6f5ecd7762fc9b387d
brush,9a89e43b29e54247dce6
brush,9a95dbbfcf6502695d64
brush,9a960b037136f332eeff
brush,9a969afe8f7d42120847
brush,9aa071271778f1be5c96
pen,9aa071271778f1be5c96
brush,9aa08e89f91fa1a0a4a0
brush,9aa37be10a2017eca147
brush,9ab07393a2a7f539ccd3
pen,9abca601eb2d7db9d369
brush,9abca601eb2d7db9d369
pen,9ad666369b542336567a
brush,9ad666369b542336567a
brush,9ae0dafb9e2df17279e2
brush,9ae3d131bbe1be2c7cfb
pen,9ae7e6a57f6a4f44e182
brush,9ae7e6a57f6a4f44e182
brush,9af781ae3ca396b8451e
pen,9af781ae3ca396b8451e
brush,9b4ca5408b952fac01b7
brush,9b6583c28534c85f4054
brush,9b6ff72e0e31b70d199d
pen,9b6ff72e0e31b70d199d
brush,9b94694b30292857388d
pen,9b94694b30292857388d
pen,9bb0c0593be4e593c6b4
brush,9bb0c0593be4e593c6b4
brush,9bd17bc46bc8ea5630f4
brush,9bd17bc46bc8ea5630f4
brush,9bec3199b841eb378734
brush,9c216b6d7fd9d226ea14
pen,9c216b6d7fd9d226ea14
brush,9c220f70937fac23f8c4
brush,9c22c4cf05894ce36e7c
brush,9c44115d2840ab64ea39
brush,9c492b6dfeac8ea9105c
pen,9c492b6dfeac8ea9105c
brush,9c55cb281a693fa738b9
brush,9c6f60c29125bdf59832
pen,9c76b2adbd6d99a935c1
brush,9c76b2adbd6d99a935c1
brush,9c7b0fb4f3b9ad5a764e
pen,9c7b0fb4f3b9ad5a764e
brush,9c946a68492deabdd19c
brush,9cc196cca6e6bf760693
snipping,9cc4e1a703655826b891
brush,9cd8b4347ff5060d7b32
brush,9cfb99628665f63043e8
pen,9cfb99628665f63043e8
pen,9cfde15e8072f60eff98
brush,9cfde15e8072f60eff98
pen,9d235fd141dd4c60e42e
brush,9d28b03283d4b7a129f7
pen,9d28b03283d4b7a129f7
brush,9d2907264bcef5a0f88c
pen,9d36b5d35507658e7576
brush,9d36b5d35507658e7576
pen,9d68d4bee6f57a75f0c5
brush,9d68d4bee6f57a75f0c5
brush,9d76ef141aaefe6cb163
pen,9d76ef141aaefe6cb163
brush,9d7b2dc32c3c288301e2
brush,9d9c186255c6f0deef05
brush,9d9d18a5e68f3d18a100
brush,9de8821d5187c3076994
brush,9e16e802cd230ace6db9
pen,9e206dfbc10c168b8fc5
brush,9e206dfbc10c168b8fc5
pen,9e4976b9e2a9f8c646c4
brush,9e4976b9e2a9f8c646c4
pen,9e6a2b94620a1cf152b4
pen,9e97a3cb998dcd32cd17
brush,9e97a3cb998dcd32cd17
brush,9e9ae747e2d643e9539d
pen,9e9ae747e2d643e9539d
brush,9ea4294dba727cdf483c
pen,9ea4294dba727cdf483c
brush,9ec6b8090b92b9197b96
pen,9ec6b8090b92b9197b96
brush,9f0cedd6aa8b6d3cfcd7
pen,9f0cedd6aa8b6d3cfcd7
brush,9f44d5b994b8ae23e5eb
pen,9f44d5b994b8ae23e5eb
pen,9f5b5aab4c522dfce0cc
brush,9f6dc707292e06ef9f85
brush,9f76daf034ea62b25bb8
pen,9f87d72e09e54debb8d1
brush,9fa5141633a87843fe7d
pen,9fa5141633a87843fe7d
brush,9fa52fce8c962a2b01ff
pen,9facc46add86b6b03642
brush,9facc46add86b6b03642
pen,9fc139d0d3c0fd2218ca
pen,9fe762b85e1cce43572f
brush,9fe762b85e1cce43572f
brush,9fec10d64edd478cbbba
pen,9fec10d64edd478cbbba
brush,9ff1691574c9cd853b71
brush,a0428d382a322df0960f
pen,a070ed4f2b47d8e3796d
pen,a0747f50a831605fd8e1
brush,a0747f50a831605fd8e1
brush,a08d76b8868a17154cb0
pen,a08d76b8868a17154cb0
pen,a0d164994126cabb1a03
brush,a0d37e6b6faa450c7de5
brush,a0d3aceafdd61ba1fee3
pen,a0d3aceafdd61ba1fee3
pen,a0e42cbf154ac12bc218
brush,a0e42cbf154ac12bc218
pen,a0f3665d7609a4292c19
brush,a0f3665d7609a4292c19
pen,a0f460b203cf8803e9c7
brush,a0f7ce3533a188072836
pen,a0f7ce3533a188072836
pen,a103b25fb9082348aca9
brush,a103b25fb9082348aca9
pen,a125354359bb7a12ecd0
brush,a125354359bb7a12ecd0
pen,a180e51213e4e78023c3
counterproof,a1ae31a24a13299a9456
brush,a1c15f0dd66c494fe45a
pen,a1caf90a92e0d1926d30
brush,a1caf90a92e0d1926d30
brush,a1de4ba2828984b40bb1
pen,a1de4ba2828984b40bb1
brush,a1f518d72920a6d156c0
pen,a2416f766f4e6b3fd7dc
brush,a2416f766f4e6b3fd7dc
brush,a2672f47c59827b6062e
brush,a269f382717a47c6f757
pen,a29ebfecf23e6c406471
brush,a2f85349cbbdbb93b028
brush,a32eff7cf1c0537a67a2
pen,a32eff7cf1c0537a67a2
brush,a33523f8414a7fa236eb
brush,a33523f8414a7fa236eb
pen,a374120ae00faf3bf290
brush,a374120ae00faf3bf290
pen,a38a66dd2517d8194ec2
brush,a3941366e6e1278768ca
pen,a3941366e6e1278768ca
brush,a3aa3749300bdf2e44f8
pen,a3af42bf79478da9ee9d
brush,a3c58bada44b4d04cac5
pen,a3c58bada44b4d04cac5
brush,a3d4f005b71cb002bdbd
counterproof,a45aa10c3347ed3d5440
brush,a4747a4362fbc041e3ce
brush,a4867e4337f45e3395b6
pen,a49effc2c5f6ec6ad91b
brush,a49effc2c5f6ec6ad91b
brush,a4a5550de6941d31cb9f
brush,a4de2c9c88fc180a886b
brush,a4e09a236c5b5c60affe
brush,a4f8c401ee580b38e0a0
brush,a5072cae610d2108fd2c
pen,a528fbfaf05a36b23fee
brush,a528fbfaf05a36b23fee
brush,a53a58dcdca1cc64c53a
pen,a53a58dcdca1cc64c53a
brush,a55dfa76853e09f31aad
pen,a5607ae38ac8d3921cb0
brush,a577bed55041f73e1955
brush,a5a4628dfd1d4ce54ccd
pen,a5a4628dfd1d4ce54ccd
brush,a5b96401b8cc91eda1c4
pen,a5b96401b8cc91eda1c4
brush,a5c6c2c6bd879d9aab51
pen,a5c6c2c6bd879d9aab51
brush,a5cab5aa9de6d6e9ea3a
pen,a5d4857a452a0d1bbb30
pen,a5d5fe6be7c7c22efb35
brush,a5e06239957d21cd771c
pen,a5e06239957d21cd771c
pen,a5f2d2b3a4dffc6ee162
pen,a6040749a12771d2827d
brush,a6040749a12771d2827d
brush,a63e987b8dc8a2ffde62
pen,a63e987b8dc8a2ffde62
brush,a64f79d76dbf6dfcd9a2
pen,a64f79d76dbf6dfcd9a2
pen,a6523a3fcac3b93a5841
pen,a684fbb3e478e4ef8464
brush,a6a00cc381737e1e3e7f
pen,a6e20ffa027a1d1a389d
pen,a6f2ec10ac2d362b1c1c
brush,a6f2ec10ac2d362b1c1c
pen,a6f8d8abe041fc52fa69
brush,a6f8d8abe041fc52fa69
brush,a6f8d8abe041fc52fa69
pen,a6fcf0898665f16d7102
brush,a7031a95d4c58c1ee955
pen,a7031a95d4c58c1ee955
brush,a740a423adee03a117ad
pen,a740a423adee03a117ad
pen,a751c0f15bdb2e294ec6
pen,a75540702c8d3af625e5
brush,a75540702c8d3af625e5
brush,a7610ab5a9bac79b74e5
pen,a7610ab5a9bac79b74e5
brush,a7672263b0624e6dd999
pen,a7672263b0624e6dd999
brush,a76eb91a3a2524a5b1db
pen,a79b914bad12f46d1aad
brush,a79b914bad12f46d1aad
pen,a7c645f5a9b0b3ad62e7
brush,a7d3ad542aa98734543c
pen,a7d3ad542aa98734543c
pen,a7e4cc5856598578bbca
brush,a7ea3dc5a86d3a9029bb
brush,a81d2b70955b1b1d7f62
pen,a81d2b70955b1b1d7f62
brush,a8218459db8fd5a89078
brush,a84bd7f35fdf1f28f683
pen,a84bd7f35fdf1f28f683
pen,a86fd65d7fb4550b8f6c
brush,a86fd65d7fb4550b8f6c
pen,a871bf0535f1d570fe9f
pen,a8861a64aef1b58daba7
brush,a89aeca6a3e757650165
pen,a89aeca6a3e757650165
brush,a8d3013aa84c0d845d96
pen,a8e4a6c031ebb93d938f
brush,a8fcf95d0ec2f87c96d5
pen,a94d61f6e47842143729
brush,a94d61f6e47842143729
brush,a96f99dfb7199676508e
pen,a98995252e84d4ce48f8
brush,a98995252e84d4ce48f8
pen,a999a25f8209f0ff06b6
pen,a9e991d0fb5c2e4e2730
brush,a9effbd98c261b9ef919
brush,a9f84448ed51b64f6b3b
pen,a9fd427a7ead87219c60
brush,a9fd427a7ead87219c60
pen,aa1027732c2991580986
brush,aa1a46a2bc55f73fdd09
brush,aa6892853df4d06e6d77
brush,aa746c28cd85cf420b15
pen,aa746c28cd85cf420b15
brush,aa87c52c346069e7f2ff
brush,aaad7f0b40fcd1a2f905
brush,aadb39a39a90f77f540d
pen,aadb39a39a90f77f540d
brush,ab4449e483c6c5358758
pen,ab4539d8e245a06b7618
brush,ab4539d8e245a06b7618
pen,ab86f810c12b9eff8a26
brush,ab86f810c12b9eff8a26
pen,abfee3c9ba1b201c4f9a
pen,abff802d69844913ae71
brush,ac1a6a9dff7d0254334a
brush,ac30da9135778ac9e798
pen,ac388900abec5ca2a786
brush,ac415bb331fae69e36b3
pen,ac51e20dc1714b6cf89a
brush,ac51e20dc1714b6cf89a
pen,ac5a14f55924439495b5
pen,ac74f3f8d3b4b60a1c85
brush,ac7a4455bdf37e4e0f9a
pen,ac7a4455bdf37e4e0f9a
brush,acbffb3775d128a7d4fc
pen,acbffb3775d128a7d4fc
brush,acc54cec76c5a6451651
pen,ad0c7692db878a30c9fd
brush,ad0d4524bb71c761cef2
brush,ad414475892998c42019
brush,ad5cbd04f8db038fd189
pen,ad69980ca429e36b5003
brush,ad69980ca429e36b5003
pen,ad7cdec336b529535e13
pen,adb09ae2249d68c00a7d
brush,adb09ae2249d68c00a7d
brush,adbd2ec3b9d8940aa8f7
pen,adce9bd50c92ae9c0edd
brush,adebb7e722a516ee4e7b
pen,adebb7e722a516ee4e7b
brush,adf414d0d7d965c51665
pen,adf414d0d7d965c51665
pen,ae1acef88fe5261dacb9
brush,ae1acef88fe5261dacb9
brush,ae20983cc3e00cf2a6c0
pen,ae20983cc3e00cf2a6c0
pen,ae3fc5caa77f07997f81
chalk,ae3fc5caa77f07997f81
brush,ae3fc5caa77f07997f81
brush,ae45ad08973792826ed0
brush,ae55949870b6c1e28228
pen,ae55949870b6c1e28228
pen,ae85a271bed63bda25f3
brush,ae85a271bed63bda25f3
pen,aeed1074e6fd6d12253e
brush,aeed1074e6fd6d12253e
brush,af491523aeae4c46625c
pen,af6b6561580ab2345430
pen,af6d149ccd8602a9680e
brush,af6d149ccd8602a9680e
pen,af6dc74c634a07a2be44
brush,af6dc74c634a07a2be44
brush,af8dbb86c38b671cca77
pen,af8dbb86c38b671cca77
brush,af96129d121f88a968e9
brush,afa28c82ba8da164e880
pen,afa28c82ba8da164e880
pen,afa76e1b11fae206df94
brush,afb08af87b47a625aaf7
brush,b004d4bd57c05c12ea42
pen,b004d4bd57c05c12ea42
brush,b0238f933ccec14c887d
pen,b067fa67728398c0ca86
brush,b067fa67728398c0ca86
brush,b091434b715e57140faf
pen,b091434b715e57140faf
brush,b0a03ef334acd31181d3
pen,b0b701fb5f350427b8fb
pen,b0d3e475ce7facd06f1e
brush,b0d3e475ce7facd06f1e
brush,b0d933b120af10ef7fad
brush,b0dee31ea627311c12d0
brush,b10f7115d3d64d25e987
brush,b116c0bd4f3a12445d63
pen,b116c0bd4f3a12445d63
brush,b126690892677dbbeba6
pen,b126690892677dbbeba6
pen,b146891cc3ab468b62bc
pen,b18260af8e463f0c5d13
brush,b1b2f7a53f3b9992c6b6
pen,b1b2f7a53f3b9992c6b6
brush,b1f7c1b53a603ed5cfad
brush,b20f8b9e7d58a7274044
pen,b20f8b9e7d58a7274044
brush,b2a71a8412c00e660f69
pen,b2c66609fa34b4c1d7d7
brush,b2c66609fa34b4c1d7d7
brush,b2db210766ff0cbe71cf
pen,b33c14cbbbcfad6e4e18
brush,b367e9e0aa1d09b476db
pen,b367e9e0aa1d09b476db
pen,b36a01e0b4b21df56143
pen,b3938239a07bb3737cc1
brush,b3938239a07bb3737cc1
brush,b398a6e69c9758ebf652
brush,b3b7316329037722135b
pen,b3b7316329037722135b
brush,b3bed61e06cd09adf75f
pen,b3ce61c33a652f618ccd
brush,b3ce7c9822565fb2dc89
pen,b3ce7c9822565fb2dc89
pen,b483f9cfa2ea703fa23d
brush,b483f9cfa2ea703fa23d
brush,b49344ca005bf7a259b1
brush,b4a19fd55e32d96ef406
pen,b4a19fd55e32d96ef406
pen,b4a46a6c0c8c5233d285
brush,b4a46a6c0c8c5233d285
pen,b4b31d1390cff35bff5f
brush,b4b31d1390cff35bff5f
pen,b4bfa544d72bf8a07495
brush,b4bfa544d72bf8a07495
pen,b4c4b2b08a18f4803621
brush,b4c4b2b08a18f4803621
pen,b4d5ebfa3a13a59d7faf
pen,b4dca064d3a2f63b4b90
brush,b55467fe472dcfa0ea10
pen,b55f1ac9b346ca4e381a
brush,b568cdf935b31b5ed36b
pen,b590aba49297d712b045
brush,b590aba49297d712b045
pen,b5e0d66ebafde8ce21e1
pen,b5e37e30acf431f3b43d
brush,b5e37e30acf431f3b43d
brush,b5f701ed5f1f01cfe984
pen,b60bed7f755e96c68d35
pen,b61334936975c61c8f33
brush,b626d44611c962cd37ce
brush,b62eca72684e4eb15b99
pen,b66e8aade6f46b9f6941
pen,b68194d1908ea33e3afc
brush,b68194d1908ea33e3afc
brush,b69de0ac09a239266e2b
pen,b69de0ac09a239266e2b
brush,b6cfaa9c9834c578ae12
pen,b6cfaa9c9834c578ae12
brush,b703576713d2c47056fe
brush,b706470187927540ea5f
brush,b71864c5d311bac05627
brush,b71ee8a10efd45394c22
brush,b73280984d4f2b1d9b8b
brush,b73280984d4f2b1d9b8b
brush,b73527df721c13a44c44
pen,b73527df721c13a44c44
pen,b76a46367d52d5fac725
brush,b76a46367d52d5fac725
counterproof,b784bf741ab68436d6f0
brush,b7b21bf3cb2af2240460
pen,b7b21bf3cb2af2240460
brush,b7d2d4fa2df0baa1a68f
brush,b7d5c7668e312f6a7f14
brush,b7d907b68197b4c10cb3
brush,b7d907b68197b4c10cb3
pen,b7efc934d6866aef4503
brush,b7efc934d6866aef4503
brush,b80e00af005db77a67a7
brush,b85af69bb351f467e6cc
pen,b85af69bb351f467e6cc
pen,b88ac7f4520608485fcc
pencil,b88bc5ea4a9fa0cb599f
pen,b89bb19f9a5be22af815
pen,b8f461e6f273b0d3e3e5
brush,b906470e3dac3f08d3b9
pen,b906470e3dac3f08d3b9
brush,b970ca8dad09284f81d0
pen,b9bef87df0e657a1e7c4
brush,b9bef87df0e657a1e7c4
brush,b9c76a9b1ab0d5d3bcf6
pen,ba056bda0f0257dc768b
brush,ba056bda0f0257dc768b
brush,ba0c3ef81eae025e6e4b
brush,ba16c9a38428f8b8702f
pen,ba16c9a38428f8b8702f
pen,ba80c6aedc8205627148
brush,bab0364aac1725266eef
pen,bb03049cf746b3118069
brush,bb0b530f49b689631f86
pen,bb0b530f49b689631f86
pen,bb0c42452b087ccb6ee1
brush,bb0c42452b087ccb6ee1
pen,bb1160bd27d54fccdb4d
brush,bb1160bd27d54fccdb4d
brush,bb3ae1d4307c3039db81
brush,bb46f2808239b89cd936
brush,bb5c6db81e2d405cd361
pen,bb5c6db81e2d405cd361
brush,bb6abda257f92c1adf57
pen,bb6abda257f92c1adf57
brush,bb6c7a321f7fe12ded48
pen,bb80087adb45fdcea200
brush,bb80087adb45fdcea200
brush,bbc43533399f24ae455e
pen,bbcb73ae255886a1c192
brush,bbcb73ae255886a1c192
brush,bc01b11e93ca2f7797cc
pen,bc01b11e93ca2f7797cc
pen,bc150012c75dcbb86b5e
brush,bc150012c75dcbb86b5e
brush,bc1ddf110d8af07103da
pen,bc1ddf110d8af07103da
brush,bc466794da09e6e64335
brush,bc87bce65e221a985616
pen,bc87bce65e221a985616
pen,bc9b55db86df7ca12f16
brush,bc9b55db86df7ca12f16
pen,bcaaf2f19793fe2bcf3e
pen,bcb727b0ba185272855e
brush,bcb727b0ba185272855e
brush,bcc24ce434ee00426010
pen,bcc24ce434ee00426010
brush,bccc330f3685dbc013e2
pen,bccc330f3685dbc013e2
brush,bcd0130a8ac2667b7570
pen,bcd0130a8ac2667b7570
brush,bcf01c9792c4e6988c3d
pen,bd312cd7ff09839d01a7
brush,bd312cd7ff09839d01a7
pen,bd6189700aa57d3a597c
brush,bd6189700aa57d3a597c
brush,bd7c79fcf0392939c1db
brush,bdae8de29d82066d1183
pen,bdb8c85e8ca4747a4caa
brush,bdb8c85e8ca4747a4caa
brush,bdc8d8e3d727cb7028ee
brush,bdd45c51a112c9d0e5c9
pen,bdd45c51a112c9d0e5c9
pen,bdd7973e3fbd6659bf0f
brush,bdd7973e3fbd6659bf0f
brush,bdf9153fa6fd69519252
pen,bdf9153fa6fd69519252
brush,bdff39b5362fa51a0b0f
brush,be04439763ddac4f4e76
brush,be1b401069fdfb311c97
brush,be2dbe40681319676c87
brush,be4206bb9f20b511b1ad
counterproof,be829c0a2ea777133769
brush,be84963264352d855e64
pen,bf0f7cfbd833cd89d4a3
brush,bf0f7cfbd833cd89d4a3
brush,bf544797cf688317d3af
brush,bf5df0fd733c217937ee
brush,bf6e08c022065c2696c5
pen,bf6e08c022065c2696c5
pen,bf804420939902cf3514
brush,bf804420939902cf3514
pen,bf92db3fb1a9034857ca
brush,bfba72b424b651576fa8
pen,bfcefaf79c8b652548a6
pen,bfe0952a85ddf84b5ed9
brush,bfe35a248036c96a1986
pen,bfe35a248036c96a1986
pen,c04aa918bd51de363e9c
brush,c04aa918bd51de363e9c
brush,c04b1668038f38d8a77c
pen,c05d9967c5c99913d54b
brush,c05d9967c5c99913d54b
brush,c05deb5f9f93e783c4f0
pen,c05deb5f9f93e783c4f0
pen,c07a032581f27adf3aa5
brush,c07a032581f27adf3aa5
pen,c0a4b2349ded95992044
brush,c0a4b2349ded95992044
brush,c0ab6e97c02f73ea1fa8
brush,c0ad0db378094d9952f2
pen,c0fdf2148a4fc7ef3a35
brush,c0fdf2148a4fc7ef3a35
pen,c119daac66aeedad0f82
brush,c119daac66aeedad0f82
brush,c18b3af537db281982e8
brush,c1a17ffbd8e0ed68fe02
pen,c1a17ffbd8e0ed68fe02
brush,c1b5e283299d0e1e6873
engraving,c1b9ba232feb962c4257
pen,c1d520c4ff0a540fb008
brush,c1da5437e80a79d906f3
brush,c21ec70c1c620f9acae1
brush,c2206a2cafae77321d46
brush,c223c801680e0f4497e1
pen,c223c801680e0f4497e1
brush,c23d17583f18b38f3c18
pen,c23d17583f18b38f3c18
brush,c242123a4d47af1bcbba
brush,c2447b79da48d51853ac
pen,c2447b79da48d51853ac
pen,c252cd0a46c2250cab95
brush,c252cd0a46c2250cab95
brush,c261c62f3f76ba2d8e0e
pen,c261c62f3f76ba2d8e0e
brush,c270ca2d359e6455ce72
brush,c297322e2115fc0d6a2f
brush,c2ab8061158b3e5366f7
pen,c2ad57fcb6585d595e48
brush,c2ad57fcb6585d595e48
brush,c2c5cb81d63530a28315
brush,c2c5cb81d63530a28315
pen,c2c9b791e3043b9cc0e4
brush,c2c9b791e3043b9cc0e4
brush,c2fa672e0093dc9fef4b
pen,c2fa672e0093dc9fef4b
brush,c32c899a93bcd9e8de77
pen,c32c899a93bcd9e8de77
pen,c3358a92bc148d1e4b3b
pen,c3389acd61b746c7cfb2
brush,c3389acd61b746c7cfb2
pen,c37d6da8170b77ea8ed9
brush,c37d6da8170b77ea8ed9
pen,c3a2d12130d8ae43d0ea
brush,c3bcedaebc089c0ba039
brush,c3c235e391cc9285d302
pen,c3c235e391cc9285d302
brush,c3d54f4e6b392cab4c99
brush,c3f21587af1c81c27c78
pen,c3f21587af1c81c27c78
pen,c41c86ad70946e398887
brush,c41c86ad70946e398887
brush,c42d92cc8d6107fdb99e
brush,c43db73a7e3dd4cf1ece
brush,c4716f5e408f718aeb4a
brush,c49914ad9cb9c2e143ef
pen,c49914ad9cb9c2e143ef
brush,c4c918d415e9df3a9501
pen,c4c918d415e9df3a9501
pen,c4ccc49f1a9de762e232
pen,c4ccf9e6ce37632935b2
brush,c4ccf9e6ce37632935b2
brush,c4e2215ad13480f80315
brush,c5012955aa86f5cf392f
brush,c519b4342730c21c8e7e
brush,c51cc05214b807e672c9
pen,c537c341056ce974a451
brush,c537c341056ce974a451
pen,c5580964dee43370ef9f
brush,c5580964dee43370ef9f
brush,c5c1c373b8f9deef334f
pen,c5c1c373b8f9deef334f
pen,c6017176c216e952017b
brush,c6017176c216e952017b
brush,c60b31543a64eac6dd5d
pen,c60b31543a64eac6dd5d
brush,c64f3a10a175897f9ca1
pen,c65ca64c2a6b5e00a65d
brush,c6662f978ed0d69c708e
brush,c6984d9386d6450dca23
brush,c6aa3c12f7680c08dcbd
pen,c6aa3c12f7680c08dcbd
brush,c6b5eeac3bbd3136be5d
brush,c6c5707ddfe5a128cef5
pen,c6c5707ddfe5a128cef5
brush,c6c81c9ec87c865bfa35
pen,c6ce675e9982dae34bcc
brush,c6ce675e9982dae34bcc
brush,c6dd1dda8ef4ca257a90
pen,c6e27169c98283cc7036
brush,c6e27169c98283cc7036
brush,c6ed97c24d49ae100fa9
brush,c6f2a163683a9d3f7d13
brush,c70ae46415bbfed63d2f
brush,c70e41928c46827c5697
brush,c7150f0b9ed479dbdab3
pen,c7229f65932a4b79184e
brush,c7229f65932a4b79184e
brush,c77896f545817c79e646
brush,c77d60e17c245a16a273
pen,c77d60e17c245a16a273
pen,c7b859003b75ef424a88
brush,c7e18cdd46b365df6d09
pen,c7e18cdd46b365df6d09
pen,c801c2ccea836e36491b
brush,c801c2ccea836e36491b
brush,c8022fdda6c3b9613c63
brush,c81e2f5a0a93349396a5
pen,c829f3937cae101c0264
brush,c829f3937cae101c0264
brush,c83ba49a09f20d3113e9
brush,c83ba49a09f20d3113e9
brush,c83ba49a09f20d3113e9
brush,c83f1a13150245c22915
pen,c84a77ad2d8b7756d8af
brush,c84a77ad2d8b7756d8af
pen,c85a6c4c20153a8801e0
brush,c861423d55e7d3b6596b
brush,c879f6e731f30e19bda9
pen,c8ac3255df789b8e7c3f
brush,c8ac3255df789b8e7c3f
brush,c8c12899feb43fa0c929
brush,c8c12b6b89e13430534a
brush,c91448cd04cb36a380d6
pen,c9593e1c888b63f2fcf5
brush,c9593e1c888b63f2fcf5
brush,c95f42e7ea094e7b0706
pen,c95f42e7ea094e7b0706
brush,c9856b6a92e6704e768d
brush,c98ec8734092c20e8e4b
pen,c9aa6cd727776b3780cf
brush,c9b7430494f48abfcbf9
brush,c9c777f6b7db40febb67
pen,c9c777f6b7db40febb67
brush,c9cd8ce5f888c1ab6f6b
brush,c9d49dd383349dad7bbb
pen,c9dd99d9bcf9d8ca39cd
brush,c9dd99d9bcf9d8ca39cd
brush,c9dec5aaf22b92ba0db2
brush,c9f135dc3769a4066f80
pen,ca0f5f7517ed37980474
brush,ca0f5f7517ed37980474
brush,ca10ee0731f38dac7ada
brush,ca11e28d9875fc9ef9dd
brush,ca4e31b631338ea11424
pen,ca738d3077a20aeda8bc
brush,ca73b312c06df5268f9f
pen,ca73b312c06df5268f9f
brush,ca837bb3ed39b29845b1
brush,ca88a48ad4b902614cef
brush,caca61a7229e7fee871a
brush,cade61b586e37d892e4f
pen,caec43ec0a1620636f23
brush,caf4bb34e39377f87647
pen,cb627035bfcdce5495ee
brush,cb627035bfcdce5495ee
brush,cb9b93d3311db068a01f
brush,cbb0993e579223fbcf03
pen,cbb0993e579223fbcf03
pen,cbc2b76e8e970222ec1e
brush,cbc2b76e8e970222ec1e
pen,cbda5d5d15e7769a5860
brush,cbda5d5d15e7769a5860
brush,cbf4e211b3fda12c2426
pen,cc02161c8a092197e764
brush,cc02161c8a092197e764
brush,cc5d8895f9ecc23be8a2
pen,cc5d8895f9ecc23be8a2
brush,cc8c21f001c8876ca1e4
pen,cc8d18810010d0ddbb79
brush,cc8d18810010d0ddbb79
pen,cc9d1fae9eff8e9ae23d
pen,ccc1ab48a10dd00297df
brush,ccd0137974985cb7ca72
pen,ccd0137974985cb7ca72
brush,ccdaebd3e0d497c0889e
pen,ccdaebd3e0d497c0889e
pen,ccdc25bf962c7528a0e8
brush,cce1a50a45dee4349793
brush,ccff686ec84294fe3ad1
pen,ccff686ec84294fe3ad1
brush,cd40cfb7036dd79a98c1
pen,cd40cfb7036dd79a98c1
brush,cd56ea67b8a5919a3fe0
brush,cd68815e3c576d925881
brush,cd6c34f3d6c1e35cd0d5
brush,cd6d7ca8864e474b1a9e
brush,cd86002cffa905411ed2
brush,cd87842357fc2779de58
pen,cd87842357fc2779de58
brush,cd9dcfb9e567d0b28f0f
pen,cd9dcfb9e567d0b28f0f
brush,cda52153264abf64fbbd
brush,cdc50b0d40142c2e82a5
pen,cdfd44d84e240d546c82
brush,cdfd44d84e240d546c82
brush,ce29fe67a0b4582271bd
brush,ce36fd673059f62245d8
pen,ce36fd673059f62245d8
brush,ce40abb8f21be29fd798
brush,ce4e6f00f4f0e28c49f9
pen,ce4e6f00f4f0e28c49f9
brush,ce63f983bd9e136255d0
pen,ce63f983bd9e136255d0
brush,ce7108152b74b4b006bb
brush,ce95ceda8c3bfcf99b33
pen,ce95ceda8c3bfcf99b33
brush,ceaee0d10e682047075a
brush,cec6818556c7990ce5dd
brush,cedc8287113cd835f074
pen,cedc8287113cd835f074
pen,cee30dcc173a3fc3d545
brush,cee30dcc173a3fc3d545
brush,ceedcd22ef16c2e8d88d
pen,ceedcd22ef16c2e8d88d
pen,cef377df217cdb577dc6
brush,cef377df217cdb577dc6
pen,cf131a5e9b27485e7db3
brush,cf131a5e9b27485e7db3
brush,cf2a5c946e77ba7dce78
pen,cf2e15020766e228e3b7
brush,cf2e15020766e228e3b7
brush,cf6a48857f661fa6385d
pen,cf6a48857f661fa6385d
brush,cf6f6eae766c016c6889
pen,cf881779baeda0060b44
brush,cf881779baeda0060b44
pen,cfa1cf22a0ead099f159
brush,cfbbc8b8a284c6da9574
pen,cfbbc8b8a284c6da9574
brush,cfc45d3bfefa69562fee
brush,d00e5fc5bb17fb8ea5b3
pen,d02ef5a9b65d3bf2ae17
pen,d03ec0ed131a2f3a0d3d
brush,d03ec0ed131a2f3a0d3d
pen,d0532d2bbc275bf2cfe1
brush,d0532d2bbc275bf2cfe1
brush,d07fa0b663c2e9d755d7
pen,d07fa0b663c2e9d755d7
brush,d0ae71d9e2950a44cecb
pen,d0d266723bddc59d4897
brush,d0d266723bddc59d4897
brush,d0d7b5b492a9bbe16752
pen,d0d7b5b492a9bbe16752
brush,d0f549f5ff00651d3979
brush,d0fe69e94e5f45dc4cc1
pen,d103c71296e829f9ecc4
brush,d103c71296e829f9ecc4
brush,d11294d3874ca023929d
pen,d11294d3874ca023929d
pen,d12656a245efe63afb8e
pen,d16c1225dce0256d7989
pen,d18d9f2f83fd9d383b9f
brush,d18d9f2f83fd9d383b9f
brush,d1a9c49f98184759e56a
pen,d1affb02b2975bb1a454
brush,d1e4f2be24f44f553d30
pen,d1e4f2be24f44f553d30
pen,d1eefa1cef8e2b49c504
brush,d1eefa1cef8e2b49c504
pen,d2097a1076ffe9168761
pen,d20e137588832895a62f
brush,d20e137588832895a62f
pen,d23272182e2c7b940d15
pen,d23896d00c5905b12c56
brush,d24aca531cbe0636bd2e
counterproof,d259df55b0ee1bcc80f1
pen,d266a0b4da50f8e1e41b
pen,d27178c4e3d978cb0b9b
brush,d28036fa348b5402ca90
pen,d28036fa348b5402ca90
brush,d28542f883c5256ca626
brush,d2a5b3096f8dd84e35e7
brush,d2bb47d588b0f18f34ea
brush,d2c4f0c9483bec83002c
brush,d2d1012409a206485fc6
pen,d2d97f3e5d8c0650af56
brush,d2d97f3e5d8c0650af56
pen,d306c712f6080102d217
brush,d306c712f6080102d217
brush,d315a8c4967b063bbb3f
brush,d3228562e6cf2c349794
pen,d3228562e6cf2c349794
brush,d36565e41d77b12ad6da
pen,d37995373ad5d50cde39
brush,d37995373ad5d50cde39
brush,d37ab4628551ec5d9356
pen,d37ab4628551ec5d9356
pen,d3940ea508b41339571a
brush,d3b6cd1432da0da75c10
pen,d3b6cd1432da0da75c10
brush,d3bd791c1043e8928efd
pen,d3e89b5de93b62493887
pen,d3fe63ce9f05258cfa61
brush,d3fe63ce9f05258cfa61
brush,d4027053307f4a7b909f
pen,d42007f28d85065b8c69
brush,d42007f28d85065b8c69
brush,d428393baf86088b22bb
brush,d432888c42609f1124fb
pen,d432888c42609f1124fb
brush,d443dd0b7083e3878105
pen,d443dd0b7083e3878105
brush,d466e9effac29c4b4baa
pen,d474b591ca4693afab49
brush,d47857de339d2e2463b9
brush,d48ba6b63b34cf788015
pen,d48ba6b63b34cf788015
pen,d4d6f447c46a63384b54
brush,d4d6f447c46a63384b54
pen,d4e780efd3d0e600e264
brush,d4f816524e61b5f20354
pen,d4f816524e61b5f20354
brush,d52c350bd2442e53abcd
brush,d53c73044df9d7a476f2
pen,d53c73044df9d7a476f2
brush,d5485f9baa9061b04fb9
brush,d5529ca8288805a9371a
pen,d55e3511207e1d0649d3
brush,d59afd8c60bfccc586b0
brush,d5bd5e7293b48a465eb8
pen,d5c84c720875334589b9
brush,d5c84c720875334589b9
pen,d5d100b5d53dc193ded7
pen,d5d100b5d53dc193ded7
brush,d5f004db543a4559bcac
brush,d5f690deabcb33e5fa57
brush,d5fc62737faec152ed30
pen,d5fc62737faec152ed30
pen,d609e5f333517b9b1dad
pen,d612c11a1a35917fdfc5
brush,d614d23369c94e0559a1
pen,d616583a0e35ffc2b086
brush,d616583a0e35ffc2b086
pen,d619a93a0081840b3e16
brush,d619a93a0081840b3e16
pen,d6290716464018c3257f
brush,d6498d325f8d728f1612
pen,d6498d325f8d728f1612
brush,d6655317fa4de182f564
pen,d683ec9b7e16257a60df
brush,d6914f7d41d434796d6a
pen,d6914f7d41d434796d6a
brush,d69eeb80a8d80f324e84
pen,d6a8f218a45d0209bb8e
brush,d6afd7945c821ff16810
pen,d6afd7945c821ff16810
brush,d6b9c4bb90d6ad52aa28
brush,d6c7bf3ffbb72eacc8a3
brush,d6dee33bf6ccd610bc75
brush,d6f0cab558487067c12e
pen,d6f0cab558487067c12e
brush,d6f286f525eca0df4cd9
pen,d6f286f525eca0df4cd9
brush,d6f6f585ece569d84aad
brush,d719e20ab09480cfa175
brush,d745ff595eababc21033
pen,d745ff595eababc21033
pen,d767918154e1a262123c
brush,d767918154e1a262123c
pen,d773182c6e669592e20f
brush,d7846e0d847e68b4d4c6
brush,d79b12a207a124de0137
brush,d80d31712322bd8a101f
pen,d81dba882cda270b6ca4
pen,d839d1fd46feeaaa2aef
pen,d84d9d1a42dfa5689143
pen,d871f0a927a621208b5b
brush,d871f0a927a621208b5b
brush,d8acd30829f1f26deb1c
pen,d8acd30829f1f26deb1c
pen,d912b6b88be0ed592fba
brush,d912b6b88be0ed592fba
pen,d91fcff20f8c65078728
pen,d92ea83a98267fb56f77
brush,d937cbe1ef9cca2db1b3
pen,d93eab40aee69ee481e9
pen,d9482f19dba52667f036
brush,d9482f19dba52667f036
brush,d9487a846bc8e4025240
pen,d9487a846bc8e4025240
brush,d953569f245c5f4a7e1f
pen,d9598c029b4f6310ded5
brush,d9598c029b4f6310ded5
brush,d96dedb96a95738e4333
pen,d96dedb96a95738e4333
pen,d9995c2eb68dfef674cd
brush,d9c5e9415590357bb36c
brush,d9c7f8439026900560b7
pen,d9c7f8439026900560b7
brush,d9d384a976dbbb767b4d
brush,d9f1e6c4b92dd5a101c5
pen,d9f38097ec49869302bb
pen,d9fc53353b70ce1ba422
brush,d9fc53353b70ce1ba422
pen,d9ffbb254a1f1f142af9
brush,da15a1b15143de17d627
brush,da25d4543816e6fe667f
pen,da25d4543816e6fe667f
brush,da26a11aa30f61f6a23b
pen,da26a11aa30f61f6a23b
brush,da42ba3adeb22b0d3877
pen,da42ba3adeb22b0d3877
brush,da4a16ec23515e9dc593
brush,da5256e2dfed24a7d15e
pen,da5256e2dfed24a7d15e
pen,da677a54e0497ffaf9c4
brush,da677a54e0497ffaf9c4
brush,da82c604cffa068c90f5
pen,dac001d2b83b7cd694dd
brush,dad28024562eadd3ef77
brush,dad44c37e0104efa9428
pen,dad44c37e0104efa9428
brush,db405a4eae781d11d772
brush,db77b9963a0d1751c41d
brush,db82c1d2be57a70fbe47
brush,dba3e41be6afcdcee0a5
brush,dba74182336a4439353a
pen,dbaa9fcc15a695ded1bf
brush,dbaa9fcc15a695ded1bf
brush,dbc2d046beef71626edf
pen,dbcd2e8f9fe603220114
brush,dbcd2e8f9fe603220114
pen,dbd9968428f27a40a2f6
pen,dbf3a217e6e159f0558a
brush,dbf3a217e6e159f0558a
pen,dbfb42ef9abb7505be29
brush,dbfb42ef9abb7505be29
brush,dc1bde06834319147b9f
pen,dc1bde06834319147b9f
brush,dc1cdfbb13c8b9345355
brush,dc34f944c0e39974bc60
pen,dc34f944c0e39974bc60
pen,dc72a5ac9b7304c17908
pen,dc7bd14ad9fe6cf79919
brush,dc7bd14ad9fe6cf79919
brush,dc7c4eb927e0f1638765
pen,dc928be714d2081dd048
brush,dc928be714d2081dd048
brush,dcd86e4170c72068e417
pen,dcd86e4170c72068e417
brush,dd218b5c33972b16e84d
brush,dd228999286b37f90136
pen,dd228999286b37f90136
brush,dd42b23bb325c0199d10
pen,dd42b23bb325c0199d10
pen,dd44c36f8ca2b74f4a3d
brush,dd44c36f8ca2b74f4a3d
brush,dd61fa536f05877feee7
pen,dd61fa536f05877feee7
pen,dd75eae288dbdafa98ae
brush,dd76eb918b59cf418e7d
brush,dd76fe32726f6eff1fd0
brush,dd76fe32726f6eff1fd0
pen,dd8832f83bef4c18c0d3
pen,dd8f088177ed4a7b7d2f
brush,dd8f088177ed4a7b7d2f
brush,ddae9e7a6d51c050d4f6
pen,ddae9e7a6d51c050d4f6
pen,de006fdfdbe1de972660
brush,de0b386840ccc55a1a13
brush,de11423a9b615b625712
brush,de12fb104d4a00e7b0bd
pen,de12fb104d4a00e7b0bd
pen,de21526416a244cbfe43
brush,de21526416a244cbfe43
pen,de3488d15810e043f082
brush,de3488d15810e043f082
brush,de355cf2b8894f6c7729
pen,de355cf2b8894f6c7729
brush,de5ec0232f0cfa3ca5b9
pen,de5ec0232f0cfa3ca5b9
pen,de785d07e084820a8530
brush,de85bff730b5292249de
brush,dec91d805e880ed27eb5
pen,dec91d805e880ed27eb5
brush,df0d6d4b1b9e5a0c3655
brush,df125b3b683a37f58adf
brush,df1c2252484fe4d9c5e1
brush,df70b3b74e9a0b305976
pen,df70b3b74e9a0b305976
pen,df78de285e9655c6cf18
brush,df885ce59aeec73c0108
pen,df885ce59aeec73c0108
pen,dfc52687ef45e9f2c601
brush,dfcf5b493eeb4f5f1a73
pen,dfcf5b493eeb4f5f1a73
brush,dfec71e23bbd17fe494c
brush,dff614b8e201b7c34cd0
brush,dffea1a7ddd03fffa1ba
pen,dffea1a7ddd03fffa1ba
pen,e0229d3918e4da6c7525
brush,e036ff0a128c7065c0ad
pen,e036ff0a128c7065c0ad
brush,e072b4b4d17159bcb341
pen,e07638e23f2136c2b9fe
pen,e078d1d2bacecf442034
brush,e078d1d2bacecf442034
brush,e07f9b5d09b97e3672b4
brush,e08d042cf756ed461025
pen,e099ead44591580408f1
brush,e099ead44591580408f1
pen,e0d900770db692290754
brush,e0d900770db692290754
counterproof,e10e0583a24055843a97
brush,e129a9ef6dc6b6b9145c
brush,e148432109abe06aba1a
pen,e14a302b0b63b6ac026f
pen,e160948f68cfbfffa837
pen,e19175b7c51fa02956f9
brush,e19175b7c51fa02956f9
brush,e19227b29fe7e0c79e7a
pen,e19227b29fe7e0c79e7a
brush,e1960eded850d13cd462
pen,e1960eded850d13cd462
pen,e1c662117b7fc2a5af1e
pen,e1ca6d502f69003ffd02
brush,e1ca6d502f69003ffd02
brush,e1eff8585fb33536b93a
pen,e1f59176a06835932043
brush,e1f59176a06835932043
brush,e200f99cac1d1ced5a67
brush,e2069317b8dfad019a5c
brush,e220ac53213a6e4ab3f3
brush,e22d75831f787d878131
brush,e22fc8f01aac1ce6b609
pen,e22fc8f01aac1ce6b609
brush,e2600b63977c30f6ab3f
brush,e277d01a6e15f0ad694d
brush,e27a27fc77ae9a51154e
brush,e2868de9ecd0901434b9
brush,e2b1ea6f480a81cd5ea9
brush,e2b6aca339b58b49613f
pen,e2b6aca339b58b49613f
pen,e2c9c02a0e40d431de54
brush,e2c9c02a0e40d431de54
pen,e2cb21cb2c4f4b5bcafd
pen,e2d9c11a273a7185d157
brush,e2d9c11a273a7185d157
pen,e2dd88b8eb5f1f3a0688
pen,e2eb8d625bae021ee905
pen,e2ffdfe104d0f832fe7d
brush,e2ffdfe104d0f832fe7d
brush,e3296b37fb662f30f330
pen,e343b6e24f422bd03009
brush,e343b6e24f422bd03009
brush,e35b420c8d96313a68aa
pen,e3671ce5b82e223e1e12
brush,e3671ce5b82e223e1e12
pen,e383cf325164643dcd28
brush,e383cf325164643dcd28
brush,e3864435eb01a89d8ce6
pen,e3965c611d956361a8ef
pen,e39c8f8942bf6c6e18d6
pen,e3a939c41ea111d4ae0c
brush,e3a939c41ea111d4ae0c
pen,e3cbcf8329a8d8116ddd
brush,e3cbcf8329a8d8116ddd
pen,e3e28a00a281af70e3be
pen,e3f202b4f1fb280f0680
brush,e409ce3d0bcff30ca1a9
brush,e40e649df60af2583efc
pen,e4149fc854a1c8bc919a
brush,e4197295cf56a0e3a4b3
pen,e419fb7043fc703c9e3b
brush,e427b440926becb037ff
pen,e434f5d2a9ec6def1f9a
brush,e434f5d2a9ec6def1f9a
brush,e43ed86ef6da235af79b
pen,e43ed86ef6da235af79b
brush,e486ca9440e98f3e3108
pen,e4969ade9dfd779e7dd3
brush,e4969ade9dfd779e7dd3
brush,e4999c1b8fa33603db87
brush,e4dbecef519b72be4094
pen,e4dbecef519b72be4094
brush,e4f9eeae1a12e10813c0
brush,e51d8afbaa67ae1d52d7
pen,e51d8afbaa67ae1d52d7
brush,e539aa799995443afd00
pen,e539aa799995443afd00
brush,e53e1cf8c6074747f34e
brush,e56e2d78b2ecc44ec38e
brush,e570800ef747fea21f80
brush,e5977e3a82b298f36205
brush,e5a18c241094fc67f5f6
pen,e5eb3ffacf1f181f21a3
brush,e5eb3ffacf1f181f21a3
pen,e5ec48c115d348aa6127
brush,e5ec48c115d348aa6127
brush,e5f1ff9a336d0c9de48c
brush,e60b4a584c5956d56a10
pen,e60b4a584c5956d56a10
brush,e614c485f30422efe116
pen,e614c485f30422efe116
pen,e63198a5ef3adf674b00
brush,e63198a5ef3adf674b00
brush,e668461de7912c012622
pen,e668461de7912c012622
pen,e6829521daa02c542183
brush,e6829521daa02c542183
counterproof,e6856b39f55d93a03d6f
brush,e698f08952ffabdeffb2
pen,e698f08952ffabdeffb2
brush,e69dad1f03f2a12746c1
brush,e69eecac6a9fbcc6e17d
pen,e69eecac6a9fbcc6e17d
brush,e6b3dee754ca2dc8afce
pen,e6b3dee754ca2dc8afce
pen,e6c6222aff989097b9ac
pen,e6ddfc71d0cb647f5b05
brush,e6e9ff65377c3de0876a
brush,e7046f3fccf9eb937582
pen,e7046f3fccf9eb937582
brush,e7185b0534b7493e16d9
pen,e73a3b40280d3b361343
brush,e73a3b40280d3b361343
pen,e77615a46c5febed9974
brush,e77921169389f3d0afc8
pen,e77921169389f3d0afc8
pen,e7832f5c3d8bb1d4e3f7
brush,e7832f5c3d8bb1d4e3f7
brush,e790aa797af828c544d1
pen,e790aa797af828c544d1
brush,e79ee2d9c3340edf206f
brush,e7ad4cc6668e35be907f
pen,e7ad4cc6668e35be907f
brush,e7b75edf55b35df62553
pen,e7b75edf55b35df62553
pen,e7da41c3efa638d98ac6
brush,e7dde9cd69dc29731a73
brush,e8110e2d378b082ffd5a
brush,e831b2d4175d3d763735
pen,e831b2d4175d3d763735
pen,e836df755a6053132390
brush,e836df755a6053132390
brush,e844ff2789d25a294ab2
pen,e8b2850d44ab728e6af2
brush,e8b2850d44ab728e6af2
brush,e909c0293f997fb9cf66
brush,e9403154856989d51ff8
brush,e948004b5fa958d1aa3a
brush,e96e93fedbb02707ef8e
pen,e96e93fedbb02707ef8e
pen,e98eccb2a83a0be93339
brush,e9afe3e204d28fa6b86b
brush,e9b5c16bedbf43dc6527
pen,e9b5c16bedbf43dc6527
pen,e9d5417491c3cde32cd5
brush,e9dcd3f46257d798201c
pen,e9dcd3f46257d798201c
pen,e9ec660010f9f20f23c6
brush,e9edc1b15a74fea53c30
brush,e9f9bc8cd01034f8cdcc
brush,ea27aee223b4884cf7c3
pen,ea2ce2a74200062a0841
brush,ea2ce2a74200062a0841
brush,ea724429b50b8456f831
pen,ea724429b50b8456f831
brush,eaa2181e78dd81ab90c9
pen,eaa2181e78dd81ab90c9
brush,eaaa94e30f60950dffc9
pen,eaaa94e30f60950dffc9
pen,eab484956c42e092e6fd
brush,eab484956c42e092e6fd
brush,eab9a5a30e39bc082d3a
brush,ead32b7ad0518bcad713
brush,eae87dda14f8703274ae
pen,eae87dda14f8703274ae
pen,eaf25946dcc2fa083670
brush,eaf25946dcc2fa083670
brush,eb1f76d98d7123d0a1d3
brush,eb2a2f5e3914818e9aac
brush,eb4561fe54ff76a16c7c
brush,eb507020bfd58fc24c1f
pen,eb507020bfd58fc24c1f
brush,eb792d5b45e5f2b8f5c9
pen,eb83658fe95d0cd74037
brush,eb83658fe95d0cd74037
pen,eb8e765deb9655323da1
brush,eb905a00101a9565706c
brush,ebcae547e65112e7adb7
brush,ebe2e93cf0fcd78aef2c
brush,ec302885d717a36fdb4c
brush,ec4635b3b5a3e1a7dbdb
pen,ec5a0f70a396a0497fcf
brush,ec5a0f70a396a0497fcf
brush,ecb2d859aa4b1190a776
pen,ecb2d859aa4b1190a776
brush,ecf77b9a65d01d1f5564
brush,ed05f4258fdf434927d6
pen,ed05f4258fdf434927d6
pen,ed0f0132b873a20d767b
brush,ed0f0132b873a20d767b
brush,ed10694da68e13ea5a95
brush,ed246169d656befcae9d
pen,ed246169d656befcae9d
brush,ed6695f69efa7f0c4301
brush,ed67d482794713e7f97c
brush,ed70ba7933dd5cd65a4e
brush,ed7d037fbfde0fd1099e
pen,ed83a41a64de774cc70e
brush,ed83a41a64de774cc70e
pen,ed98461eb2888f2934e5
brush,ed9bf30dd53b98d4b127
pen,ed9c10fc52f8fe460464
brush,ed9c10fc52f8fe460464
brush,edafb550fa599086b703
pen,edafb550fa599086b703
brush,edbef12fef60bbe7fef1
brush,edc1214a8085b3efc0fc
brush,edc68caeb5be58846a7f
pen,edcf4002e3e02d73913f
brush,ede9cdffb1c80843d17a
pen,edf928706016fa08ef80
brush,edf928706016fa08ef80
brush,ee08c69705300bc5b925
pen,ee6bcc55e8eebd19ab6e
brush,ee7775bc0afff2ef6bfc
pen,eeac88a9096aef8c0858
brush,eeac88a9096aef8c0858
brush,eebf35ea0413c64aa88d
pen,eebf35ea0413c64aa88d
brush,eec557c3e302ba85b698
brush,eecf66635e0c785015fd
pen,eecf66635e0c785015fd
brush,eee00501cde46f25b7a9
pen,eee00501cde46f25b7a9
brush,ef09792a387cc9efd113
pen,ef09792a387cc9efd113
pen,ef2245c7a432ab58da69
brush,ef2245c7a432ab58da69
brush,ef418ed88dedaedc9f40
pen,ef4f624c25a4845a536b
brush,ef4f624c25a4845a536b
brush,ef69c787ecbd7a744d09
brush,ef7a63576d36f87dc76b
pen,ef7a63576d36f87dc76b
pen,efbce07e50e80c41bae5
brush,efbce07e50e80c41bae5
pen,efe463b037643125d885
brush,efe463b037643125d885
pen,efe497dea72781980d1f
brush,efe497dea72781980d1f
brush,eff89f7417027693e62a
pen,eff89f7417027693e62a
pen,f00683c56534fc59c162
brush,f00683c56534fc59c162
pen,f0147661acda0b044b50
brush,f0147661acda0b044b50
brush,f03b00e87cb5d2c58040
pen,f03b00e87cb5d2c58040
pen,f06af74bb3754a49d3f4
pen,f0946dc8d45a8ed0e743
brush,f0946dc8d45a8ed0e743
brush,f09ef3444e5e032652ee
brush,f0a3760641291ca88933
brush,f0dfb7b0e39b4cdd1898
brush,f100af33708ddbeaf984
brush,f11b036c2468b09da532
brush,f14cccf8bf564e757376
brush,f1823d6a5a67ab61fe4b
pen,f1823d6a5a67ab61fe4b
pen,f1c48d007cc4daa92947
brush,f1e5a0973e68d6c31bd3
pen,f1e5a0973e68d6c31bd3
pen,f1fdb8062cc0111b1556
brush,f1fdb8062cc0111b1556
brush,f253c0265724b3c05b22
pen,f27ae54517e19e4842e1
brush,f27ae54517e19e4842e1
brush,f280b96a959545c139b8
brush,f291cecc07729e3032c4
pen,f291cecc07729e3032c4
pen,f2a70b14fdbc84e4dc01
brush,f2a70b14fdbc84e4dc01
pen,f2e6f863dc0dc83e2f45
brush,f2e6f863dc0dc83e2f45
pen,f2f040143ecb9647da5f
brush,f2f040143ecb9647da5f
pen,f305e59e718994e8a053
brush,f305e59e718994e8a053
pen,f30b3367892392155a85
brush,f30b3367892392155a85
pen,f3149919a9f63bc338df
pen,f31a096ae5eac7eab515
brush,f31caf0fc8a81ac32ca7
pen,f34ec2c1172e2e87681c
brush,f39dcb54d8263649e2f4
brush,f3e3bae465a4960cdc2b
brush,f3f9f0735a2a550218f4
pen,f3f9f0735a2a550218f4
brush,f4046752838eb5bd957d
brush,f41edfd8afbc694974a1
brush,f42ba35ca4d413d94e34
pen,f42ba35ca4d413d94e34
pen,f42e92b6b3b53f42a1b0
brush,f42e92b6b3b53f42a1b0
pen,f445cb3caac1fe567152
brush,f445cb3caac1fe567152
pen,f45897f2634ef0bce6a1
brush,f45897f2634ef0bce6a1
brush,f466eb4872d185d9ac0e
brush,f498b83bb700d7065a8c
pen,f498b83bb700d7065a8c
brush,f49d505bbe6973f42c15
pen,f49d505bbe6973f42c15
brush,f4a09751124f7d3717af
brush,f4ce0b4a55e3aaa84e58
brush,f4f3232a729c55a56fa1
pen,f4f3232a729c55a56fa1
pen,f4fe194af26fa53f7e54
brush,f4fe194af26fa53f7e54
brush,f5217e78b6cc876560f2
pen,f5217e78b6cc876560f2
pen,f54e2cd65b00a8f2692f
brush,f54e2cd65b00a8f2692f
brush,f550485a4243826c153b
pen,f550485a4243826c153b
brush,f5576e9d087a965eb1e4
brush,f5589775248e5efaa50e
pen,f565dfbf1452ce3784b6
brush,f565dfbf1452ce3784b6
brush,f58c431a052ea2603487
pen,f58c431a052ea2603487
brush,f5a9fb572805b6eb837c
pen,f5b0b1c135ce09715912
brush,f5b0b1c135ce09715912
brush,f5bb7c5074337c1c4fca
pen,f5ce8913e83d46bbb024
brush,f5ce8913e83d46bbb024
brush,f5d666e542fc8d14c7ec
pen,f5e71c803201fc272b01
brush,f5e71c803201fc272b01
brush,f604c99dc9c0c7ddbfe8
pen,f62fc415a0b8decc0d8f
pen,f640bc37bee3a848fb0c
brush,f640bc37bee3a848fb0c
brush,f654768b85c09b506c21
pen,f654768b85c09b506c21
brush,f65feb91e736a1fe34a5
brush,f684f595b035d44b6341
counterproof,f687f53281dcc08a63dc
pen,f6b4629c0c23739dc83a
brush,f6b4629c0c23739dc83a
brush,f6e23a0bb7cfe482c007
pen,f6e23a0bb7cfe482c007
pen,f6f432a77a9f8c3484bf
brush,f6f432a77a9f8c3484bf
pen,f6fa7913738b91db7212
brush,f731b769229b67ff97a4
pen,f7782924b8a4dfdbf35f
brush,f77d39732cb73ded1315
pen,f77d39732cb73ded1315
brush,f7830304b83d39919f46
brush,f7873d88329233663755
brush,f7abef047bb3bf18c4b9
pen,f7abef047bb3bf18c4b9
brush,f7b60392d71b614ac76f
pen,f7b9186c705db5928b3b
brush,f7b9186c705db5928b3b
brush,f7d42e6994789898a5c9
pen,f7dffbcf166b7ab9f5b9
brush,f7dffbcf166b7ab9f5b9
brush,f7e266d07018bcf94fdd
brush,f7edf2f6f3fe720c30d1
pen,f7edf2f6f3fe720c30d1
brush,f7feff13fffd8557592e
pen,f7feff13fffd8557592e
brush,f829e2d262e78c9854cd
pen,f829e2d262e78c9854cd
brush,f82fdf913b67aeafb84f
pen,f82fdf913b67aeafb84f
pen,f831334f8ced7890e842
brush,f831334f8ced7890e842
brush,f878c3cec997d2a194cb
brush,f8923eb474d840250172
brush,f8bf01e06ae0bfabb77c
pen,f8cd83c9df077f64ad56
brush,f8cd83c9df077f64ad56
brush,f8d367affb4f598183e7
brush,f8f773163d71773f5879
brush,f8fc69b442c1e8706747
brush,f9048d89ef066a3cc8c0
pen,f9048d89ef066a3cc8c0
brush,f90997d4c5fde57b8710
brush,f90bc92f6a7761cfc584
pen,f90bc92f6a7761cfc584
brush,f923e5bab8d19ea47ed2
pen,f92534c2b7182108e403
brush,f92534c2b7182108e403
brush,f9350ebf58a7d3b84099
brush,f93b73f8a994578c88a1
brush,f9684e6f9b876e0a67d1
pen,f9684e6f9b876e0a67d1
pen,f96ae57268b825f08b5a
brush,f96ae57268b825f08b5a
brush,f9797357f0a9a2566415
brush,f98187accdbcff0ee7a3
brush,f98a7e3b7650d3d6fd7e
pen,f98a7e3b7650d3d6fd7e
brush,f9adc0d7bd68bbf18ba4
pen,f9cc35896523669194b7
brush,f9cc35896523669194b7
brush,f9d39b14e7fc65a3d53d
brush,f9e220ffcde5de055864
brush,f9e71d7f11aaa2f827c3
pen,f9e7c7e03549077b692d
pen,f9ef59c581ca56fd9206
brush,fa549d26ba5d740f5522
brush,fa883fed133819026a81
pen,fa91d7627bf490fe9965
brush,fa91d7627bf490fe9965
brush,fa926f489a66e0b0cd47
pen,fa926f489a66e0b0cd47
brush,fab1aaf7db8783d78415
pen,fab1aaf7db8783d78415
pen,fab374dff27d74cb3546
brush,fab374dff27d74cb3546
brush,fac8c978dedd487ac1ef
pen,fae8968ce9f8c8bb8f79
brush,faeed6fed4eec036315c
pen,fb0807ceb556198ddaec
brush,fb0807ceb556198ddaec
brush,fb11ef98085ac17021a5
brush,fb17f1b5c6f5adaa8f13
brush,fb24ebb9340568e082b8
pen,fb26008d78d7edbeebd3
pen,fb36d5491caee958b15b
brush,fb3a483a842d96fbcee0
brush,fb740b2a4bac6fa7e01a
brush,fb787386260e8a81e6b1
pen,fb787386260e8a81e6b1
brush,fb87dfbf895e8703c956
pen,fb87dfbf895e8703c956
brush,fb8e630b03c53ae2faad
pen,fb8e630b03c53ae2faad
brush,fbcd4fe52f50ced5ac2e
pen,fbd9b0718534e509a53d
pen,fbe711b53c97de282651
brush,fbe711b53c97de282651
pen,fc19dc6aa3122d2ac75d
brush,fc19dc6aa3122d2ac75d
pen,fc2cdf378508da4c6b8b
brush,fc2cdf378508da4c6b8b
pen,fc41aff0c7e05ebcb53f
pen,fc631aaf822f1d759d12
brush,fc668c3a7699d0b89a6d
pen,fc668c3a7699d0b89a6d
brush,fcaa011cff1439f95c1f
brush,fcdc4dd79c14e6af18d0
pen,fcdf8d5dd5f039616743
brush,fcdf8d5dd5f039616743
brush,fcec40fb7f980a4e1449
brush,fcf900e1efed17b823f8
brush,fd217efcdd4bb61d9e11
brush,fd2b03805899c8a61ed9
pen,fd412dba9c722fee24a2
brush,fd412dba9c722fee24a2
pen,fd91f0a45bbe96238dcb
brush,fd96392e39ee7e2e8ff0
brush,fd96cc61e89276eda290
brush,fd9e5714f9dd833f256a
brush,fda5f58d4009706dd275
counterproof,fddb6b155b427d68614b
brush,fe1f54ece7d1184dae7e
pen,fe1f54ece7d1184dae7e
brush,fe30c52daee36db6afea
brush,fe320f831dcb362b0da3
pen,fe320f831dcb362b0da3
pen,fe4d591332b08ab81361
pen,fe57f7323fb71b8b9bb5
brush,fe57f7323fb71b8b9bb5
pen,fe7e076fa53ce50bbe0b
brush,fe86006f90b9bbd4ec48
brush,fe9873c4e483339ee9e6
pen,fe9873c4e483339ee9e6
pen,fe9ecee2b4c119301514
brush,febe3cd39e3ad92af335
brush,fed96a34121db8b0db7b
brush,fee721d47b3236a14ee1
pen,ff19e2fc6f7cda1e262c
brush,ff19e2fc6f7cda1e262c
pen,ff1d216fb1f7aba9b8b4
brush,ff1d216fb1f7aba9b8b4
pen,ff327cfcf624d261e898
brush,ff327cfcf624d261e898
pen,ff7e4ea4683cedabb534
brush,ff7e4ea4683cedabb534
brush,ff9ed0536b98b67cee64
brush,ff9ed0536b98b67cee64
pen,ffa3259fff8e6f3818a1
brush,ffa3259fff8e6f3818a1
brush,ffd4d361756587883e48
pen,ffd4d361756587883e48
brush,ffd794b7b311b7b7fd92
pen,ffe49bba69d06446de7e
brush,ffe49bba69d06446de7e
pen,ffe77db10be3400bed53
brush,ffe77db10be3400bed53
